

                                            RAM FATAKA CENTER                                            
                            ITEM WISE PURCHASE SUMMRY : 01/04/2026 31/03/2027                            
Company  : ALL                                                         P-RATE = EXCLUDING VAT
---------------------------------------------------------------------------------------------------------
ITEM NAME               SIZE |  BAL.STOCK |    RATE|      VALUE
---------------------------------------------------------------------------------------------------------
                                   |          0 |          0           0 |    0.00|       0.00
                                   |          0 |          0           0 |    0.00|       0.00
                                   |          0 |          0           0 |    0.00|       0.00
                                   |          0 |          0           0 |    0.00|       0.00
                                   |          0 |          0           0 |    0.00|       0.00
                                   |          0 |          0           0 |    0.00|       0.00
                                   |          0 |          0           0 |    0.00|       0.00
                                   |          0 |          0           0 |    0.00|       0.00
                                   |          0 |          0           0 |    0.00|       0.00
                                   |          0 |          0           0 |    0.00|       0.00
                                   |          0 |          0           0 |    0.00|       0.00
                                   |          0 |          0           0 |    0.00|       0.00
                                   |          0 |          0           0 |    0.00|       0.00
                                   |          0 |          0           0 |    0.00|       0.00
                                   |          0 |          0           0 |    0.00|       0.00
                                   |          0 |          0           0 |    0.00|       0.00
                                   |          0 |          0           0 |    0.00|       0.00
                                   |          0 |          0           0 |    0.00|       0.00
                                   |          0 |          0           0 |    0.00|       0.00
                                   |          0 |          0           0 |    0.00|       0.00
                                   |          0 |          0           0 |    0.00|       0.00
                                   |          0 |          0           0 |    0.00|       0.00
                                   |          0 |          0           0 |    0.00|       0.00
                                   |          0 |          0           0 |    0.00|       0.00
                                   |          0 |          0           0 |    0.00|       0.00
                                   |          0 |          0           0 |    0.00|       0.00
                                   |          0 |          0           0 |    0.00|       0.00
                                   |          0 |          0           0 |    0.00|       0.00
                                   |          0 |          0           0 |    0.00|       0.00
                                   |          0 |          0           0 |    0.00|       0.00
                                   |          0 |          0           0 |    0.00|       0.00
                                   |          0 |          0           0 |    0.00|       0.00
                                   |          0 |          0           0 |    0.00|       0.00
                                   |          0 |          0           0 |    0.00|       0.00
                                   |          0 |          0           0 |    0.00|       0.00
                                   |          0 |          0           0 |    0.00|       0.00
                                   |          0 |          0           0 |    0.00|       0.00
                                   |          0 |          0           0 |    0.00|       0.00
                                   |          0 |          0           0 |    0.00|       0.00
                                   |          0 |          0           0 |    0.00|       0.00
                                   |          0 |          0           0 |    0.00|       0.00
                                   |          0 |          0           0 |    0.00|       0.00
                                   |          0 |          0           0 |    0.00|       0.00
                                   |          0 |          0           0 |    0.00|       0.00
                                   |          0 |          0           0 |    0.00|       0.00
                                   |          0 |          0           0 |    0.00|       0.00
                                   |          0 |          0           0 |    0.00|       0.00
                                   |          0 |          0           0 |    0.00|       0.00
                                   |          0 |          0           0 |    0.00|       0.00
                                   |          0 |          0           0 |    0.00|       0.00
                                   |          0 |          0           0 |    0.00|       0.00
                                   |          0 |          0           0 |    0.00|       0.00
                                   |          0 |          0           0 |    0.00|       0.00
                                   |          0 |          0           0 |    0.00|       0.00
                                   |          0 |          0           0 |    0.00|       0.00
---------------------------------------------------------------------------------------------------------
                                            RAM FATAKA CENTER                                            
                            ITEM WISE PURCHASE SUMMRY : 01/04/2026 31/03/2027                            
Group    : ALL
---------------------------------------------------------------------------------------------------------
ITEM NAME               PACKING    |    MRP | BATCH NO |  BAL.STOCK :   CASE   PCS |    RATE|      VALUE
---------------------------------------------------------------------------------------------------------
                                   |          0 |          0           0 |    0.00|       0.00
                                   |          0 |          0           0 |    0.00|       0.00
                                   |          0 |          0           0 |    0.00|       0.00
                                   |          0 |          0           0 |    0.00|       0.00
                                   |          0 |          0           0 |    0.00|       0.00
                                   |          0 |          0           0 |    0.00|       0.00
                                   |          0 |          0           0 |    0.00|       0.00
                                   |          0 |          0           0 |    0.00|       0.00
                                   |          0 |          0           0 |    0.00|       0.00
                                   |          0 |          0           0 |    0.00|       0.00
                         PKT       |          0 |          0           0 |    0.00|       0.00
                         PKT       |          0 |          0           0 |    0.00|       0.00
                                   |          0 |          0           0 |    0.00|       0.00
                                   |          0 |          0           0 |    0.00|       0.00
                                   |          0 |          0           0 |    0.00|       0.00
                                   |          0 |          0           0 |    0.00|       0.00
                                   |          0 |          0           0 |    0.00|       0.00
                                   |          0 |          0           0 |    0.00|       0.00
                                   |          0 |          0           0 |    0.00|       0.00
                                   |          0 |          0           0 |    0.00|       0.00
                                   |          0 |          0           0 |    0.00|       0.00
                                   |          0 |          0           0 |    0.00|       0.00
                                   |          0 |          0           0 |    0.00|       0.00
                                   |          0 |          0           0 |    0.00|       0.00
                                   |          0 |          0           0 |    0.00|       0.00
                                   |          0 |          0           0 |    0.00|       0.00
                                   |          0 |          0           0 |    0.00|       0.00
                                   |          0 |          0           0 |    0.00|       0.00
                                   |          0 |          0           0 |    0.00|       0.00
                                   |          0 |          0           0 |    0.00|       0.00
                                   |          0 |          0           0 |    0.00|       0.00
                                   |          0 |          0           0 |    0.00|       0.00
                          BOX      |          0 |          0           0 |    0.00|       0.00
                                   |          0 |          0           0 |    0.00|       0.00
                                   |          0 |          0           0 |    0.00|       0.00
                                   |          0 |          0           0 |    0.00|       0.00
                                   |          0 |          0           0 |    0.00|       0.00
                                   |          0 |          0           0 |    0.00|       0.00
                                   |          0 |          0           0 |    0.00|       0.00
                                   |          0 |          0           0 |    0.00|       0.00
                                   |          0 |          0           0 |    0.00|       0.00
                                   |          0 |          0           0 |    0.00|       0.00
                                   |          0 |          0           0 |    0.00|       0.00
                                   |          0 |          0           0 |    0.00|       0.00
                                   |          0 |          0           0 |    0.00|       0.00
                                   |          0 |          0           0 |    0.00|       0.00
                                   |          0 |          0           0 |    0.00|       0.00
                                   |          0 |          0           0 |    0.00|       0.00
                                   |          0 |          0           0 |    0.00|       0.00
                                   |          0 |          0           0 |    0.00|       0.00
                                   |          0 |          0           0 |    0.00|       0.00
                                   |          0 |          0           0 |    0.00|       0.00
                                   |          0 |          0           0 |    0.00|       0.00
                                   |          0 |          0           0 |    0.00|       0.00
                                   |          0 |          0           0 |    0.00|       0.00
---------------------------------------------------------------------------------------------------------
                                            RAM FATAKA CENTER                                            
                            ITEM WISE PURCHASE SUMMRY : 01/04/2026 31/03/2027                            
Group    : ALL
---------------------------------------------------------------------------------------------------------
ITEM NAME               PACKING    |    MRP | BATCH NO |  BAL.STOCK :   CASE   PCS |    RATE|      VALUE
---------------------------------------------------------------------------------------------------------
                                   |          0 |          0           0 |    0.00|       0.00
                                   |          0 |          0           0 |    0.00|       0.00
                                   |          0 |          0           0 |    0.00|       0.00
                                   |          0 |          0           0 |    0.00|       0.00
                                   |          0 |          0           0 |    0.00|       0.00
                                   |          0 |          0           0 |    0.00|       0.00
                                   |          0 |          0           0 |    0.00|       0.00
                                   |          0 |          0           0 |    0.00|       0.00
                                   |          0 |          0           0 |    0.00|       0.00
                                   |          0 |          0           0 |    0.00|       0.00
                                   |          0 |          0           0 |    0.00|       0.00
                                   |          0 |          0           0 |    0.00|       0.00
                                   |          0 |          0           0 |    0.00|       0.00
                                   |          0 |          0           0 |    0.00|       0.00
                                   |          0 |          0           0 |    0.00|       0.00
                                   |          0 |          0           0 |    0.00|       0.00
                                   |          0 |          0           0 |    0.00|       0.00
                                   |          0 |          0           0 |    0.00|       0.00
                                   |          0 |          0           0 |    0.00|       0.00
                                   |          0 |          0           0 |    0.00|       0.00
                                   |          0 |          0           0 |    0.00|       0.00
                                   |          0 |          0           0 |    0.00|       0.00
                                   |          0 |          0           0 |    0.00|       0.00
                                   |          0 |          0           0 |    0.00|       0.00
                                   |          0 |          0           0 |    0.00|       0.00
                                   |          0 |          0           0 |    0.00|       0.00
                                   |          0 |          0           0 |    0.00|       0.00
                                   |          0 |          0           0 |    0.00|       0.00
                                   |          0 |          0           0 |    0.00|       0.00
                                   |          0 |          0           0 |    0.00|       0.00
                                   |          0 |          0           0 |    0.00|       0.00
                                   |          0 |          0           0 |    0.00|       0.00
                                   |          0 |          0           0 |    0.00|       0.00
                                   |          0 |          0           0 |    0.00|       0.00
                                   |          0 |          0           0 |    0.00|       0.00
                                   |          0 |          0           0 |    0.00|       0.00
                                   |          0 |          0           0 |    0.00|       0.00
                                   |          0 |          0           0 |    0.00|       0.00
                                   |          0 |          0           0 |    0.00|       0.00
                                   |          0 |          0           0 |    0.00|       0.00
                                   |          0 |          0           0 |    0.00|       0.00
                                   |          0 |          0           0 |    0.00|       0.00
                                   |          0 |          0           0 |    0.00|       0.00
                                   |          0 |          0           0 |    0.00|       0.00
                                   |          0 |          0           0 |    0.00|       0.00
                                   |          0 |          0           0 |    0.00|       0.00
                                   |          0 |          0           0 |    0.00|       0.00
                                   |          0 |          0           0 |    0.00|       0.00
                                   |          0 |          0           0 |    0.00|       0.00
                                   |          0 |          0           0 |    0.00|       0.00
                                   |          0 |          0           0 |    0.00|       0.00
                                   |          0 |          0           0 |    0.00|       0.00
                                   |          0 |          0           0 |    0.00|       0.00
                                   |          0 |          0           0 |    0.00|       0.00
                                   |          0 |          0           0 |    0.00|       0.00
---------------------------------------------------------------------------------------------------------
                                            RAM FATAKA CENTER                                            
                            ITEM WISE PURCHASE SUMMRY : 01/04/2026 31/03/2027                            
Group    : ALL
---------------------------------------------------------------------------------------------------------
ITEM NAME               PACKING    |    MRP | BATCH NO |  BAL.STOCK :   CASE   PCS |    RATE|      VALUE
---------------------------------------------------------------------------------------------------------
                                   |          0 |          0           0 |    0.00|       0.00
                                   |          0 |          0           0 |    0.00|       0.00
                                   |          0 |          0           0 |    0.00|       0.00
                                   |          0 |          0           0 |    0.00|       0.00
                                   |          0 |          0           0 |    0.00|       0.00
                                   |          0 |          0           0 |    0.00|       0.00
                                   |          0 |          0           0 |    0.00|       0.00
                                   |          0 |          0           0 |    0.00|       0.00
                                   |          0 |          0           0 |    0.00|       0.00
                                   |          0 |          0           0 |    0.00|       0.00
                                   |          0 |          0           0 |    0.00|       0.00
                                   |          0 |          0           0 |    0.00|       0.00
                                   |          0 |          0           0 |    0.00|       0.00
                                   |          0 |          0           0 |    0.00|       0.00
                                   |          0 |          0           0 |    0.00|       0.00
                                   |          0 |          0           0 |    0.00|       0.00
                                   |          0 |          0           0 |    0.00|       0.00
                                   |          0 |          0           0 |    0.00|       0.00
                                   |          0 |          0           0 |    0.00|       0.00
                                   |          0 |          0           0 |    0.00|       0.00
                                   |          0 |          0           0 |    0.00|       0.00
                                   |          0 |          0           0 |    0.00|       0.00
                                   |          0 |          0           0 |    0.00|       0.00
                                   |          0 |          0           0 |    0.00|       0.00
                                   |          0 |          0           0 |    0.00|       0.00
                                   |          0 |          0           0 |    0.00|       0.00
                                   |          0 |          0           0 |    0.00|       0.00
                                   |          0 |          0           0 |    0.00|       0.00
                                   |          0 |          0           0 |    0.00|       0.00
                                   |          0 |          0           0 |    0.00|       0.00
                                   |          0 |          0           0 |    0.00|       0.00
                                   |          0 |          0           0 |    0.00|       0.00
                                   |          0 |          0           0 |    0.00|       0.00
                                   |          0 |          0           0 |    0.00|       0.00
                                   |          0 |          0           0 |    0.00|       0.00
                                   |          0 |          0           0 |    0.00|       0.00
                                   |          0 |          0           0 |    0.00|       0.00
                                   |          0 |          0           0 |    0.00|       0.00
                                   |          0 |          0           0 |    0.00|       0.00
                                   |          0 |          0           0 |    0.00|       0.00
                                   |          0 |          0           0 |    0.00|       0.00
                                   |          0 |          0           0 |    0.00|       0.00
                                   |          0 |          0           0 |    0.00|       0.00
                                   |          0 |          0           0 |    0.00|       0.00
                                   |          0 |          0           0 |    0.00|       0.00
                                   |          0 |          0           0 |    0.00|       0.00
                                   |          0 |          0           0 |    0.00|       0.00
                                   |          0 |          0           0 |    0.00|       0.00
                                   |          0 |          0           0 |    0.00|       0.00
                                   |          0 |          0           0 |    0.00|       0.00
                                   |          0 |          0           0 |    0.00|       0.00
                                   |          0 |          0           0 |    0.00|       0.00
                                   |          0 |          0           0 |    0.00|       0.00
                                   |          0 |          0           0 |    0.00|       0.00
                                   |          0 |          0           0 |    0.00|       0.00
---------------------------------------------------------------------------------------------------------
                                            RAM FATAKA CENTER                                            
                            ITEM WISE PURCHASE SUMMRY : 01/04/2026 31/03/2027                            
Group    : ALL
---------------------------------------------------------------------------------------------------------
ITEM NAME               PACKING    |    MRP | BATCH NO |  BAL.STOCK :   CASE   PCS |    RATE|      VALUE
---------------------------------------------------------------------------------------------------------
                                   |          0 |          0           0 |    0.00|       0.00
                                   |          0 |          0           0 |    0.00|       0.00
                                   |          0 |          0           0 |    0.00|       0.00
                                   |          0 |          0           0 |    0.00|       0.00
                                   |          0 |          0           0 |    0.00|       0.00
                                   |          0 |          0           0 |    0.00|       0.00
                                   |          0 |          0           0 |    0.00|       0.00
                                   |          0 |          0           0 |    0.00|       0.00
                                   |          0 |          0           0 |    0.00|       0.00
                                   |          0 |          0           0 |    0.00|       0.00
                                   |          0 |          0           0 |    0.00|       0.00
                                   |          0 |          0           0 |    0.00|       0.00
                                   |          0 |          0           0 |    0.00|       0.00
                                   |          0 |          0           0 |    0.00|       0.00
                                   |          0 |          0           0 |    0.00|       0.00
                                   |          0 |          0           0 |    0.00|       0.00
                                   |          0 |          0           0 |    0.00|       0.00
                                   |          0 |          0           0 |    0.00|       0.00
                                   |          0 |          0           0 |    0.00|       0.00
                                   |          0 |          0           0 |    0.00|       0.00
                                   |          0 |          0           0 |    0.00|       0.00
                                   |          0 |          0           0 |    0.00|       0.00
                                   |          0 |          0           0 |    0.00|       0.00
                                   |          0 |          0           0 |    0.00|       0.00
                                   |          0 |          0           0 |    0.00|       0.00
                                   |          0 |          0           0 |    0.00|       0.00
                                   |          0 |          0           0 |    0.00|       0.00
                                   |          0 |          0           0 |    0.00|       0.00
                                   |          0 |          0           0 |    0.00|       0.00
                                   |          0 |          0           0 |    0.00|       0.00
                                   |          0 |          0           0 |    0.00|       0.00
                                   |          0 |          0           0 |    0.00|       0.00
                                   |          0 |          0           0 |    0.00|       0.00
                                   |          0 |          0           0 |    0.00|       0.00
                                   |          0 |          0           0 |    0.00|       0.00
                                   |          0 |          0           0 |    0.00|       0.00
                                   |          0 |          0           0 |    0.00|       0.00
                                   |          0 |          0           0 |    0.00|       0.00
                                   |          0 |          0           0 |    0.00|       0.00
                                   |          0 |          0           0 |    0.00|       0.00
                                   |          0 |          0           0 |    0.00|       0.00
                                   |          0 |          0           0 |    0.00|       0.00
                                   |          0 |          0           0 |    0.00|       0.00
                                   |          0 |          0           0 |    0.00|       0.00
                                   |          0 |          0           0 |    0.00|       0.00
                                   |          0 |          0           0 |    0.00|       0.00
                                   |          0 |          0           0 |    0.00|       0.00
                                   |          0 |          0           0 |    0.00|       0.00
                                   |          0 |          0           0 |    0.00|       0.00
                                   |          0 |          0           0 |    0.00|       0.00
                                   |          0 |          0           0 |    0.00|       0.00
                                   |          0 |          0           0 |    0.00|       0.00
                                   |          0 |          0           0 |    0.00|       0.00
                                   |          0 |          0           0 |    0.00|       0.00
                                   |          0 |          0           0 |    0.00|       0.00
---------------------------------------------------------------------------------------------------------
                                            RAM FATAKA CENTER                                            
                            ITEM WISE PURCHASE SUMMRY : 01/04/2026 31/03/2027                            
Group    : ALL
---------------------------------------------------------------------------------------------------------
ITEM NAME               PACKING    |    MRP | BATCH NO |  BAL.STOCK :   CASE   PCS |    RATE|      VALUE
---------------------------------------------------------------------------------------------------------
                                   |          0 |          0           0 |    0.00|       0.00
                                   |          0 |          0           0 |    0.00|       0.00
                                   |          0 |          0           0 |    0.00|       0.00
                                   |          0 |          0           0 |    0.00|       0.00
                                   |          0 |          0           0 |    0.00|       0.00
                                   |          0 |          0           0 |    0.00|       0.00
                                   |          0 |          0           0 |    0.00|       0.00
                                   |          0 |          0           0 |    0.00|       0.00
                                   |          0 |          0           0 |    0.00|       0.00
                                   |          0 |          0           0 |    0.00|       0.00
                                   |          0 |          0           0 |    0.00|       0.00
                                   |          0 |          0           0 |    0.00|       0.00
                                   |          0 |          0           0 |    0.00|       0.00
                                   |          0 |          0           0 |    0.00|       0.00
                                   |          0 |          0           0 |    0.00|       0.00
                                   |          0 |          0           0 |    0.00|       0.00
                                   |          0 |          0           0 |    0.00|       0.00
                                   |          0 |          0           0 |    0.00|       0.00
                                   |          0 |          0           0 |    0.00|       0.00
                                   |          0 |          0           0 |    0.00|       0.00
                                   |          0 |          0           0 |    0.00|       0.00
                                   |          0 |          0           0 |    0.00|       0.00
                                   |          0 |          0           0 |    0.00|       0.00
                                   |          0 |          0           0 |    0.00|       0.00
                                   |          0 |          0           0 |    0.00|       0.00
                                   |          0 |          0           0 |    0.00|       0.00
                                   |          0 |          0           0 |    0.00|       0.00
                                   |          0 |          0           0 |    0.00|       0.00
                                   |          0 |          0           0 |    0.00|       0.00
                                   |          0 |          0           0 |    0.00|       0.00
                                   |          0 |          0           0 |    0.00|       0.00
                                   |          0 |          0           0 |    0.00|       0.00
                                   |          0 |          0           0 |    0.00|       0.00
                                   |          0 |          0           0 |    0.00|       0.00
                                   |          0 |          0           0 |    0.00|       0.00
                                   |          0 |          0           0 |    0.00|       0.00
                                   |          0 |          0           0 |    0.00|       0.00
                                   |          0 |          0           0 |    0.00|       0.00
                                   |          0 |          0           0 |    0.00|       0.00
                                   |          0 |          0           0 |    0.00|       0.00
                                   |          0 |          0           0 |    0.00|       0.00
                                   |          0 |          0           0 |    0.00|       0.00
                                   |          0 |          0           0 |    0.00|       0.00
                                   |          0 |          0           0 |    0.00|       0.00
                                   |          0 |          0           0 |    0.00|       0.00
                                   |          0 |          0           0 |    0.00|       0.00
                                   |          0 |          0           0 |    0.00|       0.00
                                   |          0 |          0           0 |    0.00|       0.00
                                   |          0 |          0           0 |    0.00|       0.00
                                   |          0 |          0           0 |    0.00|       0.00
                                   |          0 |          0           0 |    0.00|       0.00
                                   |          0 |          0           0 |    0.00|       0.00
                                   |          0 |          0           0 |    0.00|       0.00
                                   |          0 |          0           0 |    0.00|       0.00
                                   |          0 |          0           0 |    0.00|       0.00
---------------------------------------------------------------------------------------------------------
                                            RAM FATAKA CENTER                                            
                            ITEM WISE PURCHASE SUMMRY : 01/04/2026 31/03/2027                            
Group    : ALL
---------------------------------------------------------------------------------------------------------
ITEM NAME               PACKING    |    MRP | BATCH NO |  BAL.STOCK :   CASE   PCS |    RATE|      VALUE
---------------------------------------------------------------------------------------------------------
                                   |          0 |          0           0 |    0.00|       0.00
                                   |          0 |          0           0 |    0.00|       0.00
                                   |          0 |          0           0 |    0.00|       0.00
                                   |          0 |          0           0 |    0.00|       0.00
                                   |          0 |          0           0 |    0.00|       0.00
                                   |          0 |          0           0 |    0.00|       0.00
                                   |          0 |          0           0 |    0.00|       0.00
                                   |          0 |          0           0 |    0.00|       0.00
                                   |          0 |          0           0 |    0.00|       0.00
                                   |          0 |          0           0 |    0.00|       0.00
                                   |          0 |          0           0 |    0.00|       0.00
                                   |          0 |          0           0 |    0.00|       0.00
                                   |          0 |          0           0 |    0.00|       0.00
                                   |          0 |          0           0 |    0.00|       0.00
                                   |          0 |          0           0 |    0.00|       0.00
                                   |          0 |          0           0 |    0.00|       0.00
                                   |          0 |          0           0 |    0.00|       0.00
                                   |          0 |          0           0 |    0.00|       0.00
                                   |          0 |          0           0 |    0.00|       0.00
                                   |          0 |          0           0 |    0.00|       0.00
                                   |          0 |          0           0 |    0.00|       0.00
                                   |          0 |          0           0 |    0.00|       0.00
                                   |          0 |          0           0 |    0.00|       0.00
                                   |          0 |          0           0 |    0.00|       0.00
                                   |          0 |          0           0 |    0.00|       0.00
                                   |          0 |          0           0 |    0.00|       0.00
                                   |          0 |          0           0 |    0.00|       0.00
                                   |          0 |          0           0 |    0.00|       0.00
                                   |          0 |          0           0 |    0.00|       0.00
                                   |          0 |          0           0 |    0.00|       0.00
                                   |          0 |          0           0 |    0.00|       0.00
                                   |          0 |          0           0 |    0.00|       0.00
                                   |          0 |          0           0 |    0.00|       0.00
                                   |          0 |          0           0 |    0.00|       0.00
                                   |          0 |          0           0 |    0.00|       0.00
                                   |          0 |          0           0 |    0.00|       0.00
                                   |          0 |          0           0 |    0.00|       0.00
                                   |          0 |          0           0 |    0.00|       0.00
                                   |          0 |          0           0 |    0.00|       0.00
                                   |          0 |          0           0 |    0.00|       0.00
                                   |          0 |          0           0 |    0.00|       0.00
                                   |          0 |          0           0 |    0.00|       0.00
                                   |          0 |          0           0 |    0.00|       0.00
                                   |          0 |          0           0 |    0.00|       0.00
                                   |          0 |          0           0 |    0.00|       0.00
                                   |          0 |          0           0 |    0.00|       0.00
                                   |          0 |          0           0 |    0.00|       0.00
                                   |          0 |          0           0 |    0.00|       0.00
                                   |          0 |          0           0 |    0.00|       0.00
                                   |          0 |          0           0 |    0.00|       0.00
                                   |          0 |          0           0 |    0.00|       0.00
                                   |          0 |          0           0 |    0.00|       0.00
                                   |          0 |          0           0 |    0.00|       0.00
                                   |          0 |          0           0 |    0.00|       0.00
                                   |          0 |          0           0 |    0.00|       0.00
---------------------------------------------------------------------------------------------------------
                                            RAM FATAKA CENTER                                            
                            ITEM WISE PURCHASE SUMMRY : 01/04/2026 31/03/2027                            
Group    : ALL
---------------------------------------------------------------------------------------------------------
ITEM NAME               PACKING    |    MRP | BATCH NO |  BAL.STOCK :   CASE   PCS |    RATE|      VALUE
---------------------------------------------------------------------------------------------------------
                                   |          0 |          0           0 |    0.00|       0.00
                                   |          0 |          0           0 |    0.00|       0.00
                                   |          0 |          0           0 |    0.00|       0.00
                                   |          0 |          0           0 |    0.00|       0.00
                                   |          0 |          0           0 |    0.00|       0.00
                                   |          0 |          0           0 |    0.00|       0.00
                                   |          0 |          0           0 |    0.00|       0.00
                                   |          0 |          0           0 |    0.00|       0.00
                                   |          0 |          0           0 |    0.00|       0.00
                                   |          0 |          0           0 |    0.00|       0.00
                                   |          0 |          0           0 |    0.00|       0.00
                                   |          0 |          0           0 |    0.00|       0.00
                                   |          0 |          0           0 |    0.00|       0.00
                                   |          0 |          0           0 |    0.00|       0.00
                                   |          0 |          0           0 |    0.00|       0.00
                                   |          0 |          0           0 |    0.00|       0.00
                                   |          0 |          0           0 |    0.00|       0.00
                                   |          0 |          0           0 |    0.00|       0.00
                                   |          0 |          0           0 |    0.00|       0.00
                                   |          0 |          0           0 |    0.00|       0.00
                                   |          0 |          0           0 |    0.00|       0.00
                                   |          0 |          0           0 |    0.00|       0.00
                                   |          0 |          0           0 |    0.00|       0.00
                                   |          0 |          0           0 |    0.00|       0.00
                                   |          0 |          0           0 |    0.00|       0.00
                                   |          0 |          0           0 |    0.00|       0.00
                                   |          0 |          0           0 |    0.00|       0.00
                                   |          0 |          0           0 |    0.00|       0.00
                                   |          0 |          0           0 |    0.00|       0.00
                                   |          0 |          0           0 |    0.00|       0.00
                                   |          0 |          0           0 |    0.00|       0.00
                                   |          0 |          0           0 |    0.00|       0.00
                                   |          0 |          0           0 |    0.00|       0.00
                                   |          0 |          0           0 |    0.00|       0.00
                                   |          0 |          0           0 |    0.00|       0.00
                                   |          0 |          0           0 |    0.00|       0.00
                                   |          0 |          0           0 |    0.00|       0.00
                                   |          0 |          0           0 |    0.00|       0.00
                                   |          0 |          0           0 |    0.00|       0.00
                                   |          0 |          0           0 |    0.00|       0.00
                                   |          0 |          0           0 |    0.00|       0.00
                                   |          0 |          0           0 |    0.00|       0.00
                                   |          0 |          0           0 |    0.00|       0.00
                                   |          0 |          0           0 |    0.00|       0.00
                                   |          0 |          0           0 |    0.00|       0.00
                                   |          0 |          0           0 |    0.00|       0.00
                                   |          0 |          0           0 |    0.00|       0.00
                                   |          0 |          0           0 |    0.00|       0.00
                                   |          0 |          0           0 |    0.00|       0.00
                                   |          0 |          0           0 |    0.00|       0.00
                                   |          0 |          0           0 |    0.00|       0.00
                                   |          0 |          0           0 |    0.00|       0.00
                                   |          0 |          0           0 |    0.00|       0.00
                                   |          0 |          0           0 |    0.00|       0.00
                                   |          0 |          0           0 |    0.00|       0.00
---------------------------------------------------------------------------------------------------------
                                            RAM FATAKA CENTER                                            
                            ITEM WISE PURCHASE SUMMRY : 01/04/2026 31/03/2027                            
Group    : ALL
---------------------------------------------------------------------------------------------------------
ITEM NAME               PACKING    |    MRP | BATCH NO |  BAL.STOCK :   CASE   PCS |    RATE|      VALUE
---------------------------------------------------------------------------------------------------------
                                   |          0 |          0           0 |    0.00|       0.00
                                   |          0 |          0           0 |    0.00|       0.00
                                   |          0 |          0           0 |    0.00|       0.00
                                   |          0 |          0           0 |    0.00|       0.00
                                   |          0 |          0           0 |    0.00|       0.00
                                   |          0 |          0           0 |    0.00|       0.00
                                   |          0 |          0           0 |    0.00|       0.00
                                   |          0 |          0           0 |    0.00|       0.00
                                   |          0 |          0           0 |    0.00|       0.00
                                   |          0 |          0           0 |    0.00|       0.00
                                   |          0 |          0           0 |    0.00|       0.00
                                   |          0 |          0           0 |    0.00|       0.00
                                   |          0 |          0           0 |    0.00|       0.00
                                   |          0 |          0           0 |    0.00|       0.00
                                   |          0 |          0           0 |    0.00|       0.00
                                   |          0 |          0           0 |    0.00|       0.00
                                   |          0 |          0           0 |    0.00|       0.00
                                   |          0 |          0           0 |    0.00|       0.00
                                   |          0 |          0           0 |    0.00|       0.00
                                   |          0 |          0           0 |    0.00|       0.00
                                   |          0 |          0           0 |    0.00|       0.00
                                   |          0 |          0           0 |    0.00|       0.00
                                   |      -2562 |      -2562           0 |    0.00|       0.00
                                   |          0 |          0           0 |    0.00|       0.00
                                   |          0 |          0           0 |    0.00|       0.00
                                   |          0 |          0           0 |    0.00|       0.00
                                   |          0 |          0           0 |    0.00|       0.00
                                   |          0 |          0           0 |    0.00|       0.00
                                   |          0 |          0           0 |    0.00|       0.00
                                   |          0 |          0           0 |    0.00|       0.00
                                   |          0 |          0           0 |    0.00|       0.00
                                   |          0 |          0           0 |    0.00|       0.00
                                   |          0 |          0           0 |    0.00|       0.00
                                   |          0 |          0           0 |    0.00|       0.00
                                   |          0 |          0           0 |    0.00|       0.00
                                   |          0 |          0           0 |    0.00|       0.00
                                   |          0 |          0           0 |    0.00|       0.00
                                   |          0 |          0           0 |    0.00|       0.00
                                   |          0 |          0           0 |    0.00|       0.00
                                   |          0 |          0           0 |    0.00|       0.00
                                   |          0 |          0           0 |    0.00|       0.00
                                   |          0 |          0           0 |    0.00|       0.00
                                   |          0 |          0           0 |    0.00|       0.00
                                   |          0 |          0           0 |    0.00|       0.00
                                   |          0 |          0           0 |    0.00|       0.00
                                   |          0 |          0           0 |    0.00|       0.00
                                   |          0 |          0           0 |    0.00|       0.00
                                   |          0 |          0           0 |    0.00|       0.00
                                   |          0 |          0           0 |    0.00|       0.00
                                   |          0 |          0           0 |    0.00|       0.00
                                   |          0 |          0           0 |    0.00|       0.00
                                   |          0 |          0           0 |    0.00|       0.00
                                   |          0 |          0           0 |    0.00|       0.00
                                   |          0 |          0           0 |    0.00|       0.00
                                   |          0 |          0           0 |    0.00|       0.00
---------------------------------------------------------------------------------------------------------
                                            RAM FATAKA CENTER                                            
                            ITEM WISE PURCHASE SUMMRY : 01/04/2026 31/03/2027                            
Group    : ALL
---------------------------------------------------------------------------------------------------------
ITEM NAME               PACKING    |    MRP | BATCH NO |  BAL.STOCK :   CASE   PCS |    RATE|      VALUE
---------------------------------------------------------------------------------------------------------
                                   |          0 |          0           0 |    0.00|       0.00
                                   |          0 |          0           0 |    0.00|       0.00
                                   |          0 |          0           0 |    0.00|       0.00
                                   |          0 |          0           0 |    0.00|       0.00
                                   |          0 |          0           0 |    0.00|       0.00
                                   |          0 |          0           0 |    0.00|       0.00
                                   |          0 |          0           0 |    0.00|       0.00
                                   |          0 |          0           0 |    0.00|       0.00
                                   |          0 |          0           0 |    0.00|       0.00
                                   |          0 |          0           0 |    0.00|       0.00
                                   |          0 |          0           0 |    0.00|       0.00
                                   |          0 |          0           0 |    0.00|       0.00
                                   |          0 |          0           0 |    0.00|       0.00
                                   |          0 |          0           0 |    0.00|       0.00
                                   |          0 |          0           0 |    0.00|       0.00
                                   |          0 |          0           0 |    0.00|       0.00
                                   |          0 |          0           0 |    0.00|       0.00
                                   |          0 |          0           0 |    0.00|       0.00
                                   |          0 |          0           0 |    0.00|       0.00
                                   |          0 |          0           0 |    0.00|       0.00
                                   |          0 |          0           0 |    0.00|       0.00
                                   |          0 |          0           0 |    0.00|       0.00
                                   |          0 |          0           0 |    0.00|       0.00
                                   |          0 |          0           0 |    0.00|       0.00
                                   |          0 |          0           0 |    0.00|       0.00
                                   |          0 |          0           0 |    0.00|       0.00
                                   |          0 |          0           0 |    0.00|       0.00
                                   |          0 |          0           0 |    0.00|       0.00
                                   |          0 |          0           0 |    0.00|       0.00
                         PKT       |          0 |          0           0 |    0.00|       0.00
                                   |          0 |          0           0 |    0.00|       0.00
                                   |          0 |          0           0 |    0.00|       0.00
                                   |          0 |          0           0 |    0.00|       0.00
                         PKT       |          0 |          0           0 |    0.00|       0.00
                                   |          0 |          0           0 |    0.00|       0.00
                                   |          0 |          0           0 |    0.00|       0.00
                                   |          0 |          0           0 |    0.00|       0.00
                                   |          0 |          0           0 |    0.00|       0.00
                                   |          0 |          0           0 |    0.00|       0.00
                                   |          0 |          0           0 |    0.00|       0.00
                                   |          0 |          0           0 |    0.00|       0.00
                                   |          0 |          0           0 |    0.00|       0.00
                                   |          0 |          0           0 |    0.00|       0.00
                                   |          0 |          0           0 |    0.00|       0.00
                                   |          0 |          0           0 |    0.00|       0.00
                                   |          0 |          0           0 |    0.00|       0.00
                                   |          0 |          0           0 |    0.00|       0.00
                                   |          0 |          0           0 |    0.00|       0.00
                                   |          0 |          0           0 |    0.00|       0.00
                                   |          0 |          0           0 |    0.00|       0.00
                                   |          0 |          0           0 |    0.00|       0.00
                         PKT       |          0 |          0           0 |    0.00|       0.00
                                   |          0 |          0           0 |    0.00|       0.00
                                   |          0 |          0           0 |    0.00|       0.00
                                   |          0 |          0           0 |    0.00|       0.00
---------------------------------------------------------------------------------------------------------
                                            RAM FATAKA CENTER                                            
                            ITEM WISE PURCHASE SUMMRY : 01/04/2026 31/03/2027                            
Group    : ALL
---------------------------------------------------------------------------------------------------------
ITEM NAME               PACKING    |    MRP | BATCH NO |  BAL.STOCK :   CASE   PCS |    RATE|      VALUE
---------------------------------------------------------------------------------------------------------
                                   |          0 |          0           0 |    0.00|       0.00
                                   |          0 |          0           0 |    0.00|       0.00
                                   |          0 |          0           0 |    0.00|       0.00
                                   |          0 |          0           0 |    0.00|       0.00
                                   |          0 |          0           0 |    0.00|       0.00
                                   |          0 |          0           0 |    0.00|       0.00
                                   |          0 |          0           0 |    0.00|       0.00
                                   |          0 |          0           0 |    0.00|       0.00
                                   |          0 |          0           0 |    0.00|       0.00
                                   |          0 |          0           0 |    0.00|       0.00
                                   |          0 |          0           0 |    0.00|       0.00
                                   |          0 |          0           0 |    0.00|       0.00
                                   |          0 |          0           0 |    0.00|       0.00
                                   |          0 |          0           0 |    0.00|       0.00
                                   |          0 |          0           0 |    0.00|       0.00
                                   |          0 |          0           0 |    0.00|       0.00
                                   |          0 |          0           0 |    0.00|       0.00
                                   |          0 |          0           0 |    0.00|       0.00
                                   |          0 |          0           0 |    0.00|       0.00
                                   |          0 |          0           0 |    0.00|       0.00
                                   |          0 |          0           0 |    0.00|       0.00
                                   |          0 |          0           0 |    0.00|       0.00
                                   |          0 |          0           0 |    0.00|       0.00
                                   |          0 |          0           0 |    0.00|       0.00
                                   |          0 |          0           0 |    0.00|       0.00
                                   |          0 |          0           0 |    0.00|       0.00
                                   |          0 |          0           0 |    0.00|       0.00
                                   |          0 |          0           0 |    0.00|       0.00
                                   |          0 |          0           0 |    0.00|       0.00
                                   |          0 |          0           0 |    0.00|       0.00
                                   |          0 |          0           0 |    0.00|       0.00
                                   |          0 |          0           0 |    0.00|       0.00
                                   |          0 |          0           0 |    0.00|       0.00
                                   |          0 |          0           0 |    0.00|       0.00
                                   |          0 |          0           0 |    0.00|       0.00
                                   |          0 |          0           0 |    0.00|       0.00
                                   |          0 |          0           0 |    0.00|       0.00
                                   |          0 |          0           0 |    0.00|       0.00
                                   |          0 |          0           0 |    0.00|       0.00
                                   |          0 |          0           0 |    0.00|       0.00
                                   |          0 |          0           0 |    0.00|       0.00
                                   |          0 |          0           0 |    0.00|       0.00
                                   |          0 |          0           0 |    0.00|       0.00
                                   |          0 |          0           0 |    0.00|       0.00
                                   |          0 |          0           0 |    0.00|       0.00
                                   |          0 |          0           0 |    0.00|       0.00
                                   |          0 |          0           0 |    0.00|       0.00
                                   |          0 |          0           0 |    0.00|       0.00
                                   |          0 |          0           0 |    0.00|       0.00
                                   |          0 |          0           0 |    0.00|       0.00
                                   |          0 |          0           0 |    0.00|       0.00
                                   |          0 |          0           0 |    0.00|       0.00
                                   |          0 |          0           0 |    0.00|       0.00
                                   |          0 |          0           0 |    0.00|       0.00
                                   |          0 |          0           0 |    0.00|       0.00
---------------------------------------------------------------------------------------------------------
                                            RAM FATAKA CENTER                                            
                            ITEM WISE PURCHASE SUMMRY : 01/04/2026 31/03/2027                            
Group    : ALL
---------------------------------------------------------------------------------------------------------
ITEM NAME               PACKING    |    MRP | BATCH NO |  BAL.STOCK :   CASE   PCS |    RATE|      VALUE
---------------------------------------------------------------------------------------------------------
                                   |          0 |          0           0 |    0.00|       0.00
                                   |          0 |          0           0 |    0.00|       0.00
                                   |          0 |          0           0 |    0.00|       0.00
                                   |          0 |          0           0 |    0.00|       0.00
                                   |          0 |          0           0 |    0.00|       0.00
                                   |          0 |          0           0 |    0.00|       0.00
                                   |          0 |          0           0 |    0.00|       0.00
                                   |          0 |          0           0 |    0.00|       0.00
                                   |          0 |          0           0 |    0.00|       0.00
                                   |          0 |          0           0 |    0.00|       0.00
                                   |          0 |          0           0 |    0.00|       0.00
                                   |          0 |          0           0 |    0.00|       0.00
                                   |          0 |          0           0 |    0.00|       0.00
                                   |          0 |          0           0 |    0.00|       0.00
                                   |          0 |          0           0 |    0.00|       0.00
                                   |          0 |          0           0 |    0.00|       0.00
                                   |          0 |          0           0 |    0.00|       0.00
                                   |          0 |          0           0 |    0.00|       0.00
                                   |          0 |          0           0 |    0.00|       0.00
                                   |          0 |          0           0 |    0.00|       0.00
                                   |          0 |          0           0 |    0.00|       0.00
                                   |          0 |          0           0 |    0.00|       0.00
                                   |          0 |          0           0 |    0.00|       0.00
                                   |          0 |          0           0 |    0.00|       0.00
                                   |          0 |          0           0 |    0.00|       0.00
                                   |          0 |          0           0 |    0.00|       0.00
                                   |          0 |          0           0 |    0.00|       0.00
                                   |          0 |          0           0 |    0.00|       0.00
                                   |          0 |          0           0 |    0.00|       0.00
                                   |          0 |          0           0 |    0.00|       0.00
                                   |          0 |          0           0 |    0.00|       0.00
                                   |          0 |          0           0 |    0.00|       0.00
                                   |          0 |          0           0 |    0.00|       0.00
                                   |          0 |          0           0 |    0.00|       0.00
                                   |          0 |          0           0 |    0.00|       0.00
                                   |          0 |          0           0 |    0.00|       0.00
                                   |          0 |          0           0 |    0.00|       0.00
                                   |          0 |          0           0 |    0.00|       0.00
                                   |          0 |          0           0 |    0.00|       0.00
                                   |          0 |          0           0 |    0.00|       0.00
                                   |          0 |          0           0 |    0.00|       0.00
                                   |          0 |          0           0 |    0.00|       0.00
                                   |          0 |          0           0 |    0.00|       0.00
                                   |          0 |          0           0 |    0.00|       0.00
                                   |          0 |          0           0 |    0.00|       0.00
                                   |          0 |          0           0 |    0.00|       0.00
                                   |          0 |          0           0 |    0.00|       0.00
                                   |          0 |          0           0 |    0.00|       0.00
                                   |          0 |          0           0 |    0.00|       0.00
                                   |          0 |          0           0 |    0.00|       0.00
                                   |          0 |          0           0 |    0.00|       0.00
                                   |          0 |          0           0 |    0.00|       0.00
                                   |          0 |          0           0 |    0.00|       0.00
                                   |          0 |          0           0 |    0.00|       0.00
                                   |          0 |          0           0 |    0.00|       0.00
---------------------------------------------------------------------------------------------------------
                                            RAM FATAKA CENTER                                            
                            ITEM WISE PURCHASE SUMMRY : 01/04/2026 31/03/2027                            
Group    : ALL
---------------------------------------------------------------------------------------------------------
ITEM NAME               PACKING    |    MRP | BATCH NO |  BAL.STOCK :   CASE   PCS |    RATE|      VALUE
---------------------------------------------------------------------------------------------------------
                                   |          0 |          0           0 |    0.00|       0.00
                                   |          0 |          0           0 |    0.00|       0.00
                                   |          0 |          0           0 |    0.00|       0.00
                                   |          0 |          0           0 |    0.00|       0.00
                                   |          0 |          0           0 |    0.00|       0.00
                                   |          0 |          0           0 |    0.00|       0.00
                                   |          0 |          0           0 |    0.00|       0.00
                                   |          0 |          0           0 |    0.00|       0.00
                                   |          0 |          0           0 |    0.00|       0.00
                                   |          0 |          0           0 |    0.00|       0.00
                                   |          0 |          0           0 |    0.00|       0.00
                                   |          0 |          0           0 |    0.00|       0.00
                                   |          0 |          0           0 |    0.00|       0.00
                                   |          0 |          0           0 |    0.00|       0.00
                                   |          0 |          0           0 |    0.00|       0.00
                                   |          0 |          0           0 |    0.00|       0.00
                                   |          0 |          0           0 |    0.00|       0.00
                                   |          0 |          0           0 |    0.00|       0.00
                                   |          0 |          0           0 |    0.00|       0.00
                                   |          0 |          0           0 |    0.00|       0.00
                                   |          0 |          0           0 |    0.00|       0.00
                                   |          0 |          0           0 |    0.00|       0.00
                                   |          0 |          0           0 |    0.00|       0.00
                                   |          0 |          0           0 |    0.00|       0.00
                                   |          0 |          0           0 |    0.00|       0.00
                                   |          0 |          0           0 |    0.00|       0.00
                                   |          0 |          0           0 |    0.00|       0.00
                                   |          0 |          0           0 |    0.00|       0.00
                                   |          0 |          0           0 |    0.00|       0.00
                                   |          0 |          0           0 |    0.00|       0.00
                                   |          0 |          0           0 |    0.00|       0.00
                                   |          0 |          0           0 |    0.00|       0.00
                                   |          0 |          0           0 |    0.00|       0.00
                                   |          0 |          0           0 |    0.00|       0.00
                                   |          0 |          0           0 |    0.00|       0.00
                                   |          0 |          0           0 |    0.00|       0.00
                                   |          0 |          0           0 |    0.00|       0.00
                                   |          0 |          0           0 |    0.00|       0.00
                                   |          0 |          0           0 |    0.00|       0.00
                                   |          0 |          0           0 |    0.00|       0.00
                                   |          0 |          0           0 |    0.00|       0.00
                                   |          0 |          0           0 |    0.00|       0.00
                                   |          0 |          0           0 |    0.00|       0.00
                                   |          0 |          0           0 |    0.00|       0.00
                                   |          0 |          0           0 |    0.00|       0.00
                                   |          0 |          0           0 |    0.00|       0.00
                                   |          0 |          0           0 |    0.00|       0.00
                                   |          0 |          0           0 |    0.00|       0.00
                                   |          0 |          0           0 |    0.00|       0.00
                                   |          0 |          0           0 |    0.00|       0.00
                                   |          0 |          0           0 |    0.00|       0.00
                                   |          0 |          0           0 |    0.00|       0.00
                                   |          0 |          0           0 |    0.00|       0.00
                                   |          0 |          0           0 |    0.00|       0.00
                                   |          0 |          0           0 |    0.00|       0.00
---------------------------------------------------------------------------------------------------------
                                            RAM FATAKA CENTER                                            
                            ITEM WISE PURCHASE SUMMRY : 01/04/2026 31/03/2027                            
Group    : ALL
---------------------------------------------------------------------------------------------------------
ITEM NAME               PACKING    |    MRP | BATCH NO |  BAL.STOCK :   CASE   PCS |    RATE|      VALUE
---------------------------------------------------------------------------------------------------------
                                   |          0 |          0           0 |    0.00|       0.00
                                   |          0 |          0           0 |    0.00|       0.00
                                   |          0 |          0           0 |    0.00|       0.00
                                   |          0 |          0           0 |    0.00|       0.00
                                   |          0 |          0           0 |    0.00|       0.00
                                   |          0 |          0           0 |    0.00|       0.00
                                   |          0 |          0           0 |    0.00|       0.00
                                   |          0 |          0           0 |    0.00|       0.00
                                   |          0 |          0           0 |    0.00|       0.00
                                   |          0 |          0           0 |    0.00|       0.00
                                   |          0 |          0           0 |    0.00|       0.00
                                   |          0 |          0           0 |    0.00|       0.00
                                   |          0 |          0           0 |    0.00|       0.00
                                   |          0 |          0           0 |    0.00|       0.00
                                   |          0 |          0           0 |    0.00|       0.00
                                   |          0 |          0           0 |    0.00|       0.00
                                   |          0 |          0           0 |    0.00|       0.00
                                   |          0 |          0           0 |    0.00|       0.00
                                   |          0 |          0           0 |    0.00|       0.00
                                   |          0 |          0           0 |    0.00|       0.00
                                   |          0 |          0           0 |    0.00|       0.00
                                   |          0 |          0           0 |    0.00|       0.00
                                   |          0 |          0           0 |    0.00|       0.00
                                   |          0 |          0           0 |    0.00|       0.00
                                   |          0 |          0           0 |    0.00|       0.00
                                   |          0 |          0           0 |    0.00|       0.00
                                   |          0 |          0           0 |    0.00|       0.00
                                   |          0 |          0           0 |    0.00|       0.00
                                   |          0 |          0           0 |    0.00|       0.00
                                   |          0 |          0           0 |    0.00|       0.00
                                   |          0 |          0           0 |    0.00|       0.00
                                   |          0 |          0           0 |    0.00|       0.00
                                   |          0 |          0           0 |    0.00|       0.00
                                   |          0 |          0           0 |    0.00|       0.00
                                   |          0 |          0           0 |    0.00|       0.00
                                   |          0 |          0           0 |    0.00|       0.00
                                   |          0 |          0           0 |    0.00|       0.00
                                   |          0 |          0           0 |    0.00|       0.00
                                   |          0 |          0           0 |    0.00|       0.00
                                   |          0 |          0           0 |    0.00|       0.00
                                   |          0 |          0           0 |    0.00|       0.00
                                   |          0 |          0           0 |    0.00|       0.00
                                   |          0 |          0           0 |    0.00|       0.00
                                   |          0 |          0           0 |    0.00|       0.00
                                   |          0 |          0           0 |    0.00|       0.00
                                   |          0 |          0           0 |    0.00|       0.00
                                   |          0 |          0           0 |    0.00|       0.00
                                   |          0 |          0           0 |    0.00|       0.00
                                   |          0 |          0           0 |    0.00|       0.00
                                   |          0 |          0           0 |    0.00|       0.00
                                   |          0 |          0           0 |    0.00|       0.00
                                   |          0 |          0           0 |    0.00|       0.00
                                   |          0 |          0           0 |    0.00|       0.00
                                   |          0 |          0           0 |    0.00|       0.00
                                   |          0 |          0           0 |    0.00|       0.00
---------------------------------------------------------------------------------------------------------
                                            RAM FATAKA CENTER                                            
                            ITEM WISE PURCHASE SUMMRY : 01/04/2026 31/03/2027                            
Group    : ALL
---------------------------------------------------------------------------------------------------------
ITEM NAME               PACKING    |    MRP | BATCH NO |  BAL.STOCK :   CASE   PCS |    RATE|      VALUE
---------------------------------------------------------------------------------------------------------
                                   |          0 |          0           0 |    0.00|       0.00
                                   |          0 |          0           0 |    0.00|       0.00
                                   |          0 |          0           0 |    0.00|       0.00
                                   |          0 |          0           0 |    0.00|       0.00
                                   |          0 |          0           0 |    0.00|       0.00
                                   |          0 |          0           0 |    0.00|       0.00
                                   |          0 |          0           0 |    0.00|       0.00
                                   |          0 |          0           0 |    0.00|       0.00
                                   |          0 |          0           0 |    0.00|       0.00
                                   |          0 |          0           0 |    0.00|       0.00
                                   |          0 |          0           0 |    0.00|       0.00
                                   |          0 |          0           0 |    0.00|       0.00
                                   |          0 |          0           0 |    0.00|       0.00
                                   |          0 |          0           0 |    0.00|       0.00
                                   |          0 |          0           0 |    0.00|       0.00
                                   |          0 |          0           0 |    0.00|       0.00
                                   |          0 |          0           0 |    0.00|       0.00
                                   |          0 |          0           0 |    0.00|       0.00
                                   |          0 |          0           0 |    0.00|       0.00
                                   |          0 |          0           0 |    0.00|       0.00
                                   |          0 |          0           0 |    0.00|       0.00
                                   |          0 |          0           0 |    0.00|       0.00
                                   |          0 |          0           0 |    0.00|       0.00
                                   |          0 |          0           0 |    0.00|       0.00
                                   |          0 |          0           0 |    0.00|       0.00
                                   |          0 |          0           0 |    0.00|       0.00
                                   |          0 |          0           0 |    0.00|       0.00
                                   |          0 |          0           0 |    0.00|       0.00
                         PKT       |          0 |          0           0 |    0.00|       0.00
                                   |          0 |          0           0 |    0.00|       0.00
                                   |          0 |          0           0 |    0.00|       0.00
                                   |          0 |          0           0 |    0.00|       0.00
                                   |          0 |          0           0 |    0.00|       0.00
                                   |          0 |          0           0 |    0.00|       0.00
                                   |          0 |          0           0 |    0.00|       0.00
                                   |          0 |          0           0 |    0.00|       0.00
                                   |          0 |          0           0 |    0.00|       0.00
                                   |          0 |          0           0 |    0.00|       0.00
                                   |          0 |          0           0 |    0.00|       0.00
                                   |          0 |          0           0 |    0.00|       0.00
                                   |          0 |          0           0 |    0.00|       0.00
                                   |          0 |          0           0 |    0.00|       0.00
                                   |          0 |          0           0 |    0.00|       0.00
                                   |          0 |          0           0 |    0.00|       0.00
                                   |          0 |          0           0 |    0.00|       0.00
                                   |          0 |          0           0 |    0.00|       0.00
                                   |          0 |          0           0 |    0.00|       0.00
                                   |          0 |          0           0 |    0.00|       0.00
                                   |          0 |          0           0 |    0.00|       0.00
                                   |          0 |          0           0 |    0.00|       0.00
                                   |          0 |          0           0 |    0.00|       0.00
                                   |          0 |          0           0 |    0.00|       0.00
                                   |          0 |          0           0 |    0.00|       0.00
                                   |          0 |          0           0 |    0.00|       0.00
                                   |          0 |          0           0 |    0.00|       0.00
---------------------------------------------------------------------------------------------------------
                                            RAM FATAKA CENTER                                            
                            ITEM WISE PURCHASE SUMMRY : 01/04/2026 31/03/2027                            
Group    : ALL
---------------------------------------------------------------------------------------------------------
ITEM NAME               PACKING    |    MRP | BATCH NO |  BAL.STOCK :   CASE   PCS |    RATE|      VALUE
---------------------------------------------------------------------------------------------------------
                                   |          0 |          0           0 |    0.00|       0.00
                                   |          0 |          0           0 |    0.00|       0.00
                                   |          0 |          0           0 |    0.00|       0.00
                                   |          0 |          0           0 |    0.00|       0.00
                                   |          0 |          0           0 |    0.00|       0.00
                                   |          0 |          0           0 |    0.00|       0.00
                                   |          0 |          0           0 |    0.00|       0.00
                                   |          0 |          0           0 |    0.00|       0.00
                                   |          0 |          0           0 |    0.00|       0.00
                                   |          0 |          0           0 |    0.00|       0.00
                                   |          0 |          0           0 |    0.00|       0.00
                                   |          0 |          0           0 |    0.00|       0.00
                                   |          0 |          0           0 |    0.00|       0.00
                                   |          0 |          0           0 |    0.00|       0.00
                                   |          0 |          0           0 |    0.00|       0.00
                                   |          0 |          0           0 |    0.00|       0.00
                                   |          0 |          0           0 |    0.00|       0.00
                                   |          0 |          0           0 |    0.00|       0.00
                                   |          0 |          0           0 |    0.00|       0.00
                                   |          0 |          0           0 |    0.00|       0.00
                                   |          0 |          0           0 |    0.00|       0.00
                                   |          0 |          0           0 |    0.00|       0.00
                                   |          0 |          0           0 |    0.00|       0.00
                                   |          0 |          0           0 |    0.00|       0.00
                                   |          0 |          0           0 |    0.00|       0.00
                                   |          0 |          0           0 |    0.00|       0.00
                         PCS       |          0 |          0           0 |    0.00|       0.00
                                   |          0 |          0           0 |    0.00|       0.00
                                   |          0 |          0           0 |    0.00|       0.00
                         PKT       |          0 |          0           0 |    0.00|       0.00
                         PKT       |          0 |          0           0 |    0.00|       0.00
                                   |          0 |          0           0 |    0.00|       0.00
                                   |          0 |          0           0 |    0.00|       0.00
                                   |          0 |          0           0 |    0.00|       0.00
                                   |          0 |          0           0 |    0.00|       0.00
                                   |          0 |          0           0 |    0.00|       0.00
                                   |          0 |          0           0 |    0.00|       0.00
                                   |          0 |          0           0 |    0.00|       0.00
                                   |          0 |          0           0 |    0.00|       0.00
                                   |          0 |          0           0 |    0.00|       0.00
                                   |          0 |          0           0 |    0.00|       0.00
                                   |          0 |          0           0 |    0.00|       0.00
                                   |          0 |          0           0 |    0.00|       0.00
                                   |          0 |          0           0 |    0.00|       0.00
                                   |          0 |          0           0 |    0.00|       0.00
                                   |          0 |          0           0 |    0.00|       0.00
                                   |          0 |          0           0 |    0.00|       0.00
                                   |          0 |          0           0 |    0.00|       0.00
                                   |          0 |          0           0 |    0.00|       0.00
                                   |          0 |          0           0 |    0.00|       0.00
                                   |          0 |          0           0 |    0.00|       0.00
                                   |          0 |          0           0 |    0.00|       0.00
                                   |          0 |          0           0 |    0.00|       0.00
                                   |          0 |          0           0 |    0.00|       0.00
                                   |          0 |          0           0 |    0.00|       0.00
---------------------------------------------------------------------------------------------------------
                                            RAM FATAKA CENTER                                            
                            ITEM WISE PURCHASE SUMMRY : 01/04/2026 31/03/2027                            
Group    : ALL
---------------------------------------------------------------------------------------------------------
ITEM NAME               PACKING    |    MRP | BATCH NO |  BAL.STOCK :   CASE   PCS |    RATE|      VALUE
---------------------------------------------------------------------------------------------------------
                                   |          0 |          0           0 |    0.00|       0.00
                         PKT       |          1 |          1           0 |    0.00|       0.00
                                   |          0 |          0           0 |    0.00|       0.00
                                   |          0 |          0           0 |    0.00|       0.00
                                   |          0 |          0           0 |    0.00|       0.00
                                   |          0 |          0           0 |    0.00|       0.00
                                   |          0 |          0           0 |    0.00|       0.00
                                   |          0 |          0           0 |    0.00|       0.00
                                   |          0 |          0           0 |    0.00|       0.00
                                   |          0 |          0           0 |    0.00|       0.00
                                   |          0 |          0           0 |    0.00|       0.00
                                   |          0 |          0           0 |    0.00|       0.00
                                   |          0 |          0           0 |    0.00|       0.00
                                   |          0 |          0           0 |    0.00|       0.00
                                   |          0 |          0           0 |    0.00|       0.00
                                   |          0 |          0           0 |    0.00|       0.00
                                   |          0 |          0           0 |    0.00|       0.00
                                   |          0 |          0           0 |    0.00|       0.00
                                   |          0 |          0           0 |    0.00|       0.00
                                   |          0 |          0           0 |    0.00|       0.00
                                   |          0 |          0           0 |    0.00|       0.00
                                   |          0 |          0           0 |    0.00|       0.00
                                   |          0 |          0           0 |    0.00|       0.00
                                   |          0 |          0           0 |    0.00|       0.00
                                   |          0 |          0           0 |    0.00|       0.00
                                   |          0 |          0           0 |    0.00|       0.00
                                   |          0 |          0           0 |    0.00|       0.00
                                   |          0 |          0           0 |    0.00|       0.00
                                   |          0 |          0           0 |    0.00|       0.00
                                   |          0 |          0           0 |    0.00|       0.00
                                   |          0 |          0           0 |    0.00|       0.00
                                   |          0 |          0           0 |    0.00|       0.00
                                   |          0 |          0           0 |    0.00|       0.00
                                   |          0 |          0           0 |    0.00|       0.00
                                   |          0 |          0           0 |    0.00|       0.00
                                   |          0 |          0           0 |    0.00|       0.00
                                   |          0 |          0           0 |    0.00|       0.00
                                   |          0 |          0           0 |    0.00|       0.00
                                   |          0 |          0           0 |    0.00|       0.00
                                   |          0 |          0           0 |    0.00|       0.00
                                   |          0 |          0           0 |    0.00|       0.00
                                   |          0 |          0           0 |    0.00|       0.00
                                   |          0 |          0           0 |    0.00|       0.00
                                   |          0 |          0           0 |    0.00|       0.00
                                   |          0 |          0           0 |    0.00|       0.00
                                   |          0 |          0           0 |    0.00|       0.00
                                   |          0 |          0           0 |    0.00|       0.00
                                   |          0 |          0           0 |    0.00|       0.00
                                   |          0 |          0           0 |    0.00|       0.00
                                   |          0 |          0           0 |    0.00|       0.00
                                   |          0 |          0           0 |    0.00|       0.00
                                   |          0 |          0           0 |    0.00|       0.00
                                   |          0 |          0           0 |    0.00|       0.00
                                   |          0 |          0           0 |    0.00|       0.00
                                   |          0 |          0           0 |    0.00|       0.00
---------------------------------------------------------------------------------------------------------
                                            RAM FATAKA CENTER                                            
                            ITEM WISE PURCHASE SUMMRY : 01/04/2026 31/03/2027                            
Group    : ALL
---------------------------------------------------------------------------------------------------------
ITEM NAME               PACKING    |    MRP | BATCH NO |  BAL.STOCK :   CASE   PCS |    RATE|      VALUE
---------------------------------------------------------------------------------------------------------
                                   |          0 |          0           0 |    0.00|       0.00
                                   |          0 |          0           0 |    0.00|       0.00
                                   |          0 |          0           0 |    0.00|       0.00
                                   |          0 |          0           0 |    0.00|       0.00
                                   |          0 |          0           0 |    0.00|       0.00
                                   |          0 |          0           0 |    0.00|       0.00
                                   |          0 |          0           0 |    0.00|       0.00
                                   |          0 |          0           0 |    0.00|       0.00
                                   |          0 |          0           0 |    0.00|       0.00
                                   |          0 |          0           0 |    0.00|       0.00
                                   |          0 |          0           0 |    0.00|       0.00
                                   |          0 |          0           0 |    0.00|       0.00
                                   |          0 |          0           0 |    0.00|       0.00
                                   |          0 |          0           0 |    0.00|       0.00
                                   |          0 |          0           0 |    0.00|       0.00
                                   |          0 |          0           0 |    0.00|       0.00
                                   |          0 |          0           0 |    0.00|       0.00
                                   |          0 |          0           0 |    0.00|       0.00
                                   |          0 |          0           0 |    0.00|       0.00
                                   |          0 |          0           0 |    0.00|       0.00
                                   |          0 |          0           0 |    0.00|       0.00
                                   |          0 |          0           0 |    0.00|       0.00
                                   |          0 |          0           0 |    0.00|       0.00
                                   |          0 |          0           0 |    0.00|       0.00
                                   |          0 |          0           0 |    0.00|       0.00
                                   |          0 |          0           0 |    0.00|       0.00
                                   |          0 |          0           0 |    0.00|       0.00
                                   |          0 |          0           0 |    0.00|       0.00
                                   |          0 |          0           0 |    0.00|       0.00
                                   |          0 |          0           0 |    0.00|       0.00
                                   |          0 |          0           0 |    0.00|       0.00
                                   |          0 |          0           0 |    0.00|       0.00
                                   |          0 |          0           0 |    0.00|       0.00
                                   |          0 |          0           0 |    0.00|       0.00
                                   |          0 |          0           0 |    0.00|       0.00
                                   |          0 |          0           0 |    0.00|       0.00
                                   |          0 |          0           0 |    0.00|       0.00
                                   |          0 |          0           0 |    0.00|       0.00
                                   |          0 |          0           0 |    0.00|       0.00
                                   |          0 |          0           0 |    0.00|       0.00
                                   |          0 |          0           0 |    0.00|       0.00
                                   |          0 |          0           0 |    0.00|       0.00
                                   |          0 |          0           0 |    0.00|       0.00
                                   |          0 |          0           0 |    0.00|       0.00
                                   |          0 |          0           0 |    0.00|       0.00
                                   |          0 |          0           0 |    0.00|       0.00
                                   |          0 |          0           0 |    0.00|       0.00
                                   |          0 |          0           0 |    0.00|       0.00
                                   |          0 |          0           0 |    0.00|       0.00
                                   |          0 |          0           0 |    0.00|       0.00
                                   |          0 |          0           0 |    0.00|       0.00
                                   |          0 |          0           0 |    0.00|       0.00
                                   |          0 |          0           0 |    0.00|       0.00
                                   |          0 |          0           0 |    0.00|       0.00
                                   |          0 |          0           0 |    0.00|       0.00
---------------------------------------------------------------------------------------------------------
                                            RAM FATAKA CENTER                                            
                            ITEM WISE PURCHASE SUMMRY : 01/04/2026 31/03/2027                            
Group    : ALL
---------------------------------------------------------------------------------------------------------
ITEM NAME               PACKING    |    MRP | BATCH NO |  BAL.STOCK :   CASE   PCS |    RATE|      VALUE
---------------------------------------------------------------------------------------------------------
                                   |          0 |          0           0 |    0.00|       0.00
                                   |          0 |          0           0 |    0.00|       0.00
                                   |          0 |          0           0 |    0.00|       0.00
                                   |          0 |          0           0 |    0.00|       0.00
                                   |          0 |          0           0 |    0.00|       0.00
                                   |          0 |          0           0 |    0.00|       0.00
                                   |          0 |          0           0 |    0.00|       0.00
                                   |          0 |          0           0 |    0.00|       0.00
                                   |          0 |          0           0 |    0.00|       0.00
                                   |          0 |          0           0 |    0.00|       0.00
                                   |          0 |          0           0 |    0.00|       0.00
                                   |          0 |          0           0 |    0.00|       0.00
                                   |          0 |          0           0 |    0.00|       0.00
                                   |          0 |          0           0 |    0.00|       0.00
                                   |          0 |          0           0 |    0.00|       0.00
                                   |          0 |          0           0 |    0.00|       0.00
                                   |          0 |          0           0 |    0.00|       0.00
                                   |          0 |          0           0 |    0.00|       0.00
                                   |          0 |          0           0 |    0.00|       0.00
                                   |          0 |          0           0 |    0.00|       0.00
                                   |          0 |          0           0 |    0.00|       0.00
                                   |          0 |          0           0 |    0.00|       0.00
                                   |          0 |          0           0 |    0.00|       0.00
                                   |          0 |          0           0 |    0.00|       0.00
                                   |          0 |          0           0 |    0.00|       0.00
                                   |          0 |          0           0 |    0.00|       0.00
                                   |          0 |          0           0 |    0.00|       0.00
                                   |          0 |          0           0 |    0.00|       0.00
                                   |          0 |          0           0 |    0.00|       0.00
                                   |          0 |          0           0 |    0.00|       0.00
                                   |          0 |          0           0 |    0.00|       0.00
                                   |       -144 |       -144           0 |    0.00|       0.00
                                   |          0 |          0           0 |    0.00|       0.00
                                   |          0 |          0           0 |    0.00|       0.00
                                   |          0 |          0           0 |    0.00|       0.00
                                   |          0 |          0           0 |    0.00|       0.00
                                   |          0 |          0           0 |    0.00|       0.00
                                   |          0 |          0           0 |    0.00|       0.00
                                   |          0 |          0           0 |    0.00|       0.00
                                   |          0 |          0           0 |    0.00|       0.00
                                   |          0 |          0           0 |    0.00|       0.00
                                   |          0 |          0           0 |    0.00|       0.00
                                   |          0 |          0           0 |    0.00|       0.00
                                   |          0 |          0           0 |    0.00|       0.00
                                   |          0 |          0           0 |    0.00|       0.00
                                   |          0 |          0           0 |    0.00|       0.00
                                   |          0 |          0           0 |    0.00|       0.00
                                   |          0 |          0           0 |    0.00|       0.00
                                   |          0 |          0           0 |    0.00|       0.00
                                   |          0 |          0           0 |    0.00|       0.00
                                   |          0 |          0           0 |    0.00|       0.00
                                   |          0 |          0           0 |    0.00|       0.00
                                   |          0 |          0           0 |    0.00|       0.00
                                   |          0 |          0           0 |    0.00|       0.00
                                   |          0 |          0           0 |    0.00|       0.00
---------------------------------------------------------------------------------------------------------
                                            RAM FATAKA CENTER                                            
                            ITEM WISE PURCHASE SUMMRY : 01/04/2026 31/03/2027                            
Group    : ALL
---------------------------------------------------------------------------------------------------------
ITEM NAME               PACKING    |    MRP | BATCH NO |  BAL.STOCK :   CASE   PCS |    RATE|      VALUE
---------------------------------------------------------------------------------------------------------
                                   |          0 |          0           0 |    0.00|       0.00
                                   |          0 |          0           0 |    0.00|       0.00
                                   |          0 |          0           0 |    0.00|       0.00
                                   |          0 |          0           0 |    0.00|       0.00
                                   |          0 |          0           0 |    0.00|       0.00
                                   |          0 |          0           0 |    0.00|       0.00
                                   |          0 |          0           0 |    0.00|       0.00
                                   |          0 |          0           0 |    0.00|       0.00
                                   |          0 |          0           0 |    0.00|       0.00
                                   |          0 |          0           0 |    0.00|       0.00
                                   |          0 |          0           0 |    0.00|       0.00
                                   |          0 |          0           0 |    0.00|       0.00
                                   |          0 |          0           0 |    0.00|       0.00
                                   |          0 |          0           0 |    0.00|       0.00
                                   |          0 |          0           0 |    0.00|       0.00
                                   |          0 |          0           0 |    0.00|       0.00
                                   |          0 |          0           0 |    0.00|       0.00
                                   |          0 |          0           0 |    0.00|       0.00
                                   |          0 |          0           0 |    0.00|       0.00
                                   |          0 |          0           0 |    0.00|       0.00
                                   |          0 |          0           0 |    0.00|       0.00
                                   |          0 |          0           0 |    0.00|       0.00
                                   |          0 |          0           0 |    0.00|       0.00
                                   |          0 |          0           0 |    0.00|       0.00
                                   |          0 |          0           0 |    0.00|       0.00
                                   |          0 |          0           0 |    0.00|       0.00
                                   |          0 |          0           0 |    0.00|       0.00
                                   |          0 |          0           0 |    0.00|       0.00
                                   |          0 |          0           0 |    0.00|       0.00
                                   |          0 |          0           0 |    0.00|       0.00
                                   |          0 |          0           0 |    0.00|       0.00
                                   |          0 |          0           0 |    0.00|       0.00
                                   |          0 |          0           0 |    0.00|       0.00
                                   |         -6 |         -6           0 |    0.00|       0.00
                                   |          0 |          0           0 |    0.00|       0.00
                                   |          0 |          0           0 |    0.00|       0.00
                                   |          0 |          0           0 |    0.00|       0.00
                                   |          0 |          0           0 |    0.00|       0.00
                                   |          0 |          0           0 |    0.00|       0.00
                                   |          0 |          0           0 |    0.00|       0.00
                                   |          0 |          0           0 |    0.00|       0.00
                                   |          0 |          0           0 |    0.00|       0.00
                                   |          0 |          0           0 |    0.00|       0.00
                                   |          0 |          0           0 |    0.00|       0.00
                                   |          0 |          0           0 |    0.00|       0.00
                                   |          0 |          0           0 |    0.00|       0.00
                                   |          0 |          0           0 |    0.00|       0.00
                                   |          0 |          0           0 |    0.00|       0.00
                                   |          0 |          0           0 |    0.00|       0.00
                                   |          0 |          0           0 |    0.00|       0.00
                                   |          0 |          0           0 |    0.00|       0.00
                                   |          0 |          0           0 |    0.00|       0.00
                                   |          0 |          0           0 |    0.00|       0.00
                                   |          0 |          0           0 |    0.00|       0.00
                                   |          0 |          0           0 |    0.00|       0.00
---------------------------------------------------------------------------------------------------------
                                            RAM FATAKA CENTER                                            
                            ITEM WISE PURCHASE SUMMRY : 01/04/2026 31/03/2027                            
Group    : ALL
---------------------------------------------------------------------------------------------------------
ITEM NAME               PACKING    |    MRP | BATCH NO |  BAL.STOCK :   CASE   PCS |    RATE|      VALUE
---------------------------------------------------------------------------------------------------------
                                   |          0 |          0           0 |    0.00|       0.00
                                   |          0 |          0           0 |    0.00|       0.00
                                   |          0 |          0           0 |    0.00|       0.00
                                   |          0 |          0           0 |    0.00|       0.00
                                   |          0 |          0           0 |    0.00|       0.00
                                   |          0 |          0           0 |    0.00|       0.00
                                   |          0 |          0           0 |    0.00|       0.00
                                   |          0 |          0           0 |    0.00|       0.00
                                   |          0 |          0           0 |    0.00|       0.00
                                   |          0 |          0           0 |    0.00|       0.00
                                   |          0 |          0           0 |    0.00|       0.00
                                   |          0 |          0           0 |    0.00|       0.00
                                   |          0 |          0           0 |    0.00|       0.00
                                   |          0 |          0           0 |    0.00|       0.00
                                   |          0 |          0           0 |    0.00|       0.00
                                   |          0 |          0           0 |    0.00|       0.00
                                   |          0 |          0           0 |    0.00|       0.00
                                   |          0 |          0           0 |    0.00|       0.00
                                   |          0 |          0           0 |    0.00|       0.00
                                   |          0 |          0           0 |    0.00|       0.00
                                   |          0 |          0           0 |    0.00|       0.00
                                   |          0 |          0           0 |    0.00|       0.00
                                   |          0 |          0           0 |    0.00|       0.00
                                   |          0 |          0           0 |    0.00|       0.00
                                   |          0 |          0           0 |    0.00|       0.00
                                   |          0 |          0           0 |    0.00|       0.00
                                   |          0 |          0           0 |    0.00|       0.00
                                   |          0 |          0           0 |    0.00|       0.00
                                   |          0 |          0           0 |    0.00|       0.00
                                   |          0 |          0           0 |    0.00|       0.00
                                   |          0 |          0           0 |    0.00|       0.00
                                   |          0 |          0           0 |    0.00|       0.00
                                   |          0 |          0           0 |    0.00|       0.00
                                   |         -4 |         -4           0 |    0.00|       0.00
                                   |          0 |          0           0 |    0.00|       0.00
                                   |          0 |          0           0 |    0.00|       0.00
                                   |          0 |          0           0 |    0.00|       0.00
                                   |          0 |          0           0 |    0.00|       0.00
                                   |          0 |          0           0 |    0.00|       0.00
                                   |          0 |          0           0 |    0.00|       0.00
                                   |          0 |          0           0 |    0.00|       0.00
                                   |          0 |          0           0 |    0.00|       0.00
                                   |          0 |          0           0 |    0.00|       0.00
                                   |          0 |          0           0 |    0.00|       0.00
                                   |          0 |          0           0 |    0.00|       0.00
                                   |          0 |          0           0 |    0.00|       0.00
                                   |          0 |          0           0 |    0.00|       0.00
                                   |          0 |          0           0 |    0.00|       0.00
                                   |          0 |          0           0 |    0.00|       0.00
                                   |          0 |          0           0 |    0.00|       0.00
                                   |          0 |          0           0 |    0.00|       0.00
                                   |          0 |          0           0 |    0.00|       0.00
                                   |          0 |          0           0 |    0.00|       0.00
                                   |          0 |          0           0 |    0.00|       0.00
                                   |          0 |          0           0 |    0.00|       0.00
---------------------------------------------------------------------------------------------------------
                                            RAM FATAKA CENTER                                            
                            ITEM WISE PURCHASE SUMMRY : 01/04/2026 31/03/2027                            
Group    : ALL
---------------------------------------------------------------------------------------------------------
ITEM NAME               PACKING    |    MRP | BATCH NO |  BAL.STOCK :   CASE   PCS |    RATE|      VALUE
---------------------------------------------------------------------------------------------------------
                                   |          0 |          0           0 |    0.00|       0.00
                                   |          0 |          0           0 |    0.00|       0.00
                                   |          0 |          0           0 |    0.00|       0.00
                                   |          0 |          0           0 |    0.00|       0.00
                                   |          0 |          0           0 |    0.00|       0.00
                                   |          0 |          0           0 |    0.00|       0.00
                                   |          0 |          0           0 |    0.00|       0.00
                                   |          0 |          0           0 |    0.00|       0.00
                                   |          0 |          0           0 |    0.00|       0.00
                                   |          0 |          0           0 |    0.00|       0.00
                                   |          0 |          0           0 |    0.00|       0.00
                                   |          0 |          0           0 |    0.00|       0.00
                                   |          0 |          0           0 |    0.00|       0.00
                                   |          0 |          0           0 |    0.00|       0.00
                                   |          0 |          0           0 |    0.00|       0.00
                                   |          0 |          0           0 |    0.00|       0.00
                                   |          0 |          0           0 |    0.00|       0.00
                                   |          0 |          0           0 |    0.00|       0.00
                                   |          0 |          0           0 |    0.00|       0.00
                                   |          0 |          0           0 |    0.00|       0.00
                                   |          0 |          0           0 |    0.00|       0.00
                                   |          0 |          0           0 |    0.00|       0.00
                                   |          0 |          0           0 |    0.00|       0.00
                                   |          0 |          0           0 |    0.00|       0.00
                                   |          0 |          0           0 |    0.00|       0.00
                                   |          0 |          0           0 |    0.00|       0.00
                                   |          0 |          0           0 |    0.00|       0.00
                                   |          0 |          0           0 |    0.00|       0.00
                                   |          0 |          0           0 |    0.00|       0.00
                                   |          0 |          0           0 |    0.00|       0.00
                                   |          0 |          0           0 |    0.00|       0.00
                                   |          0 |          0           0 |    0.00|       0.00
                                   |          0 |          0           0 |    0.00|       0.00
                                   |          0 |          0           0 |    0.00|       0.00
                                   |          0 |          0           0 |    0.00|       0.00
                                   |          0 |          0           0 |    0.00|       0.00
                                   |          0 |          0           0 |    0.00|       0.00
                                   |          0 |          0           0 |    0.00|       0.00
                                   |          0 |          0           0 |    0.00|       0.00
                                   |          0 |          0           0 |    0.00|       0.00
                                   |          0 |          0           0 |    0.00|       0.00
                                   |          0 |          0           0 |    0.00|       0.00
                                   |          0 |          0           0 |    0.00|       0.00
                                   |          0 |          0           0 |    0.00|       0.00
                                   |          0 |          0           0 |    0.00|       0.00
                                   |          0 |          0           0 |    0.00|       0.00
                                   |          0 |          0           0 |    0.00|       0.00
                                   |          0 |          0           0 |    0.00|       0.00
                                   |          0 |          0           0 |    0.00|       0.00
                                   |          0 |          0           0 |    0.00|       0.00
                                   |          0 |          0           0 |    0.00|       0.00
                                   |          0 |          0           0 |    0.00|       0.00
                                   |          0 |          0           0 |    0.00|       0.00
                                   |          0 |          0           0 |    0.00|       0.00
                                   |          0 |          0           0 |    0.00|       0.00
---------------------------------------------------------------------------------------------------------
                                            RAM FATAKA CENTER                                            
                            ITEM WISE PURCHASE SUMMRY : 01/04/2026 31/03/2027                            
Group    : ALL
---------------------------------------------------------------------------------------------------------
ITEM NAME               PACKING    |    MRP | BATCH NO |  BAL.STOCK :   CASE   PCS |    RATE|      VALUE
---------------------------------------------------------------------------------------------------------
                                   |          0 |          0           0 |    0.00|       0.00
                                   |          0 |          0           0 |    0.00|       0.00
                         BOX       |          0 |          0           0 |    0.00|       0.00
                                   |          0 |          0           0 |    0.00|       0.00
                                   |          0 |          0           0 |    0.00|       0.00
                                   |          0 |          0           0 |    0.00|       0.00
                                   |          0 |          0           0 |    0.00|       0.00
                                   |          0 |          0           0 |    0.00|       0.00
                                   |          0 |          0           0 |    0.00|       0.00
                                   |          0 |          0           0 |    0.00|       0.00
                                   |          0 |          0           0 |    0.00|       0.00
                                   |          0 |          0           0 |    0.00|       0.00
                                   |          0 |          0           0 |    0.00|       0.00
                                   |          0 |          0           0 |    0.00|       0.00
                                   |          0 |          0           0 |    0.00|       0.00
                                   |          0 |          0           0 |    0.00|       0.00
                                   |          0 |          0           0 |    0.00|       0.00
                                   |          0 |          0           0 |    0.00|       0.00
                                   |          0 |          0           0 |    0.00|       0.00
                                   |          0 |          0           0 |    0.00|       0.00
                                   |          0 |          0           0 |    0.00|       0.00
                                   |          0 |          0           0 |    0.00|       0.00
                                   |          0 |          0           0 |    0.00|       0.00
                                   |          0 |          0           0 |    0.00|       0.00
                                   |          0 |          0           0 |    0.00|       0.00
                                   |          0 |          0           0 |    0.00|       0.00
                                   |          0 |          0           0 |    0.00|       0.00
                                   |          0 |          0           0 |    0.00|       0.00
                                   |          0 |          0           0 |    0.00|       0.00
                                   |          0 |          0           0 |    0.00|       0.00
                                   |          0 |          0           0 |    0.00|       0.00
                                   |          0 |          0           0 |    0.00|       0.00
                                   |          0 |          0           0 |    0.00|       0.00
                                   |          0 |          0           0 |    0.00|       0.00
                                   |          0 |          0           0 |    0.00|       0.00
                                   |          0 |          0           0 |    0.00|       0.00
                                   |          0 |          0           0 |    0.00|       0.00
                                   |          0 |          0           0 |    0.00|       0.00
                                   |          0 |          0           0 |    0.00|       0.00
                                   |          0 |          0           0 |    0.00|       0.00
                                   |          0 |          0           0 |    0.00|       0.00
                                   |          0 |          0           0 |    0.00|       0.00
                                   |          0 |          0           0 |    0.00|       0.00
                                   |          0 |          0           0 |    0.00|       0.00
                                   |          0 |          0           0 |    0.00|       0.00
                                   |          0 |          0           0 |    0.00|       0.00
                                   |          0 |          0           0 |    0.00|       0.00
                                   |          0 |          0           0 |    0.00|       0.00
                                   |          0 |          0           0 |    0.00|       0.00
                                   |          0 |          0           0 |    0.00|       0.00
                                   |          0 |          0           0 |    0.00|       0.00
                                   |          0 |          0           0 |    0.00|       0.00
                                   |          0 |          0           0 |    0.00|       0.00
                                   |          0 |          0           0 |    0.00|       0.00
                                   |          0 |          0           0 |    0.00|       0.00
---------------------------------------------------------------------------------------------------------
                                            RAM FATAKA CENTER                                            
                            ITEM WISE PURCHASE SUMMRY : 01/04/2026 31/03/2027                            
Group    : ALL
---------------------------------------------------------------------------------------------------------
ITEM NAME               PACKING    |    MRP | BATCH NO |  BAL.STOCK :   CASE   PCS |    RATE|      VALUE
---------------------------------------------------------------------------------------------------------
                                   |          0 |          0           0 |    0.00|       0.00
                                   |          0 |          0           0 |    0.00|       0.00
                                   |          0 |          0           0 |    0.00|       0.00
                                   |          0 |          0           0 |    0.00|       0.00
                                   |          0 |          0           0 |    0.00|       0.00
                                   |          0 |          0           0 |    0.00|       0.00
                                   |          0 |          0           0 |    0.00|       0.00
                                   |          0 |          0           0 |    0.00|       0.00
                                   |          0 |          0           0 |    0.00|       0.00
                                   |          0 |          0           0 |    0.00|       0.00
                                   |          0 |          0           0 |    0.00|       0.00
                                   |          0 |          0           0 |    0.00|       0.00
                                   |          0 |          0           0 |    0.00|       0.00
                                   |          0 |          0           0 |    0.00|       0.00
                                   |          0 |          0           0 |    0.00|       0.00
                                   |          0 |          0           0 |    0.00|       0.00
                                   |          0 |          0           0 |    0.00|       0.00
                                   |          0 |          0           0 |    0.00|       0.00
                                   |          0 |          0           0 |    0.00|       0.00
                                   |          0 |          0           0 |    0.00|       0.00
                                   |          0 |          0           0 |    0.00|       0.00
                                   |          0 |          0           0 |    0.00|       0.00
                                   |          0 |          0           0 |    0.00|       0.00
                                   |          0 |          0           0 |    0.00|       0.00
                                   |          0 |          0           0 |    0.00|       0.00
                                   |          0 |          0           0 |    0.00|       0.00
                                   |          0 |          0           0 |    0.00|       0.00
                                   |          0 |          0           0 |    0.00|       0.00
                                   |          0 |          0           0 |    0.00|       0.00
                                   |          0 |          0           0 |    0.00|       0.00
                                   |          0 |          0           0 |    0.00|       0.00
                                   |          0 |          0           0 |    0.00|       0.00
                                   |          0 |          0           0 |    0.00|       0.00
                                   |          0 |          0           0 |    0.00|       0.00
                                   |          0 |          0           0 |    0.00|       0.00
                                   |          0 |          0           0 |    0.00|       0.00
                                   |          0 |          0           0 |    0.00|       0.00
                                   |          0 |          0           0 |    0.00|       0.00
                                   |          0 |          0           0 |    0.00|       0.00
                                   |          0 |          0           0 |    0.00|       0.00
                                   |          0 |          0           0 |    0.00|       0.00
                                   |          0 |          0           0 |    0.00|       0.00
                                   |          0 |          0           0 |    0.00|       0.00
                                   |          0 |          0           0 |    0.00|       0.00
                                   |          0 |          0           0 |    0.00|       0.00
                                   |          0 |          0           0 |    0.00|       0.00
                                   |          0 |          0           0 |    0.00|       0.00
                                   |          0 |          0           0 |    0.00|       0.00
                                   |          0 |          0           0 |    0.00|       0.00
                                   |          0 |          0           0 |    0.00|       0.00
                                   |          0 |          0           0 |    0.00|       0.00
                                   |          0 |          0           0 |    0.00|       0.00
                                   |          0 |          0           0 |    0.00|       0.00
                                   |          0 |          0           0 |    0.00|       0.00
                                   |          0 |          0           0 |    0.00|       0.00
---------------------------------------------------------------------------------------------------------
                                            RAM FATAKA CENTER                                            
                            ITEM WISE PURCHASE SUMMRY : 01/04/2026 31/03/2027                            
Group    : ALL
---------------------------------------------------------------------------------------------------------
ITEM NAME               PACKING    |    MRP | BATCH NO |  BAL.STOCK :   CASE   PCS |    RATE|      VALUE
---------------------------------------------------------------------------------------------------------
                                   |          0 |          0           0 |    0.00|       0.00
                                   |          0 |          0           0 |    0.00|       0.00
                                   |          0 |          0           0 |    0.00|       0.00
                                   |          0 |          0           0 |    0.00|       0.00
                                   |          0 |          0           0 |    0.00|       0.00
                                   |          0 |          0           0 |    0.00|       0.00
                                   |          0 |          0           0 |    0.00|       0.00
                                   |          0 |          0           0 |    0.00|       0.00
                                   |          0 |          0           0 |    0.00|       0.00
                                   |          0 |          0           0 |    0.00|       0.00
                                   |          0 |          0           0 |    0.00|       0.00
                                   |          0 |          0           0 |    0.00|       0.00
                                   |          0 |          0           0 |    0.00|       0.00
                                   |          0 |          0           0 |    0.00|       0.00
                                   |          0 |          0           0 |    0.00|       0.00
                                   |          0 |          0           0 |    0.00|       0.00
                                   |          0 |          0           0 |    0.00|       0.00
                                   |          0 |          0           0 |    0.00|       0.00
                                   |          0 |          0           0 |    0.00|       0.00
                                   |          0 |          0           0 |    0.00|       0.00
                                   |          0 |          0           0 |    0.00|       0.00
                                   |          0 |          0           0 |    0.00|       0.00
                                   |          0 |          0           0 |    0.00|       0.00
                                   |          0 |          0           0 |    0.00|       0.00
                                   |          0 |          0           0 |    0.00|       0.00
                                   |          0 |          0           0 |    0.00|       0.00
                                   |          0 |          0           0 |    0.00|       0.00
                                   |          0 |          0           0 |    0.00|       0.00
                                   |          0 |          0           0 |    0.00|       0.00
                                   |          0 |          0           0 |    0.00|       0.00
                                   |          0 |          0           0 |    0.00|       0.00
                                   |          0 |          0           0 |    0.00|       0.00
                                   |       -211 |       -211           0 |    0.00|       0.00
                                   |          0 |          0           0 |    0.00|       0.00
                                   |          0 |          0           0 |    0.00|       0.00
                                   |          0 |          0           0 |    0.00|       0.00
                                   |          0 |          0           0 |    0.00|       0.00
                                   |          0 |          0           0 |    0.00|       0.00
                                   |          0 |          0           0 |    0.00|       0.00
                                   |          0 |          0           0 |    0.00|       0.00
                                   |          0 |          0           0 |    0.00|       0.00
                                   |          0 |          0           0 |    0.00|       0.00
                                   |          0 |          0           0 |    0.00|       0.00
                                   |          0 |          0           0 |    0.00|       0.00
                                   |          0 |          0           0 |    0.00|       0.00
                                   |          0 |          0           0 |    0.00|       0.00
                                   |          0 |          0           0 |    0.00|       0.00
                                   |          0 |          0           0 |    0.00|       0.00
                                   |          0 |          0           0 |    0.00|       0.00
                                   |          0 |          0           0 |    0.00|       0.00
                                   |          0 |          0           0 |    0.00|       0.00
                                   |          0 |          0           0 |    0.00|       0.00
                                   |         -4 |         -4           0 |    0.00|       0.00
                                   |          0 |          0           0 |    0.00|       0.00
                                   |          0 |          0           0 |    0.00|       0.00
---------------------------------------------------------------------------------------------------------
                                            RAM FATAKA CENTER                                            
                            ITEM WISE PURCHASE SUMMRY : 01/04/2026 31/03/2027                            
Group    : ALL
---------------------------------------------------------------------------------------------------------
ITEM NAME               PACKING    |    MRP | BATCH NO |  BAL.STOCK :   CASE   PCS |    RATE|      VALUE
---------------------------------------------------------------------------------------------------------
                                   |          0 |          0           0 |    0.00|       0.00
                                   |          0 |          0           0 |    0.00|       0.00
                                   |          0 |          0           0 |    0.00|       0.00
                                   |          0 |          0           0 |    0.00|       0.00
                                   |          0 |          0           0 |    0.00|       0.00
                                   |          0 |          0           0 |    0.00|       0.00
                                   |          0 |          0           0 |    0.00|       0.00
                                   |          0 |          0           0 |    0.00|       0.00
                                   |          0 |          0           0 |    0.00|       0.00
                                   |          0 |          0           0 |    0.00|       0.00
                                   |          0 |          0           0 |    0.00|       0.00
                                   |          0 |          0           0 |    0.00|       0.00
                                   |          0 |          0           0 |    0.00|       0.00
                                   |          0 |          0           0 |    0.00|       0.00
                                   |          0 |          0           0 |    0.00|       0.00
                                   |          0 |          0           0 |    0.00|       0.00
                                   |          0 |          0           0 |    0.00|       0.00
                                   |          0 |          0           0 |    0.00|       0.00
                                   |          0 |          0           0 |    0.00|       0.00
                                   |          0 |          0           0 |    0.00|       0.00
                                   |          0 |          0           0 |    0.00|       0.00
                                   |          0 |          0           0 |    0.00|       0.00
                                   |          0 |          0           0 |    0.00|       0.00
                                   |          0 |          0           0 |    0.00|       0.00
                                   |          0 |          0           0 |    0.00|       0.00
                                   |          0 |          0           0 |    0.00|       0.00
                                   |          0 |          0           0 |    0.00|       0.00
                                   |          0 |          0           0 |    0.00|       0.00
                                   |          0 |          0           0 |    0.00|       0.00
                                   |          0 |          0           0 |    0.00|       0.00
                                   |          0 |          0           0 |    0.00|       0.00
                                   |          0 |          0           0 |    0.00|       0.00
                                   |          0 |          0           0 |    0.00|       0.00
                                   |          0 |          0           0 |    0.00|       0.00
                                   |          0 |          0           0 |    0.00|       0.00
                                   |          0 |          0           0 |    0.00|       0.00
                                   |          0 |          0           0 |    0.00|       0.00
                                   |          0 |          0           0 |    0.00|       0.00
                                   |          0 |          0           0 |    0.00|       0.00
                                   |          0 |          0           0 |    0.00|       0.00
                                   |          0 |          0           0 |    0.00|       0.00
                                   |          0 |          0           0 |    0.00|       0.00
                                   |          0 |          0           0 |    0.00|       0.00
                                   |          0 |          0           0 |    0.00|       0.00
                                   |          0 |          0           0 |    0.00|       0.00
                                   |          0 |          0           0 |    0.00|       0.00
                                   |          0 |          0           0 |    0.00|       0.00
                                   |          0 |          0           0 |    0.00|       0.00
                                   |          0 |          0           0 |    0.00|       0.00
                                   |          0 |          0           0 |    0.00|       0.00
                                   |          0 |          0           0 |    0.00|       0.00
                                   |          0 |          0           0 |    0.00|       0.00
                                   |          0 |          0           0 |    0.00|       0.00
                                   |          0 |          0           0 |    0.00|       0.00
                                   |          0 |          0           0 |    0.00|       0.00
---------------------------------------------------------------------------------------------------------
                                            RAM FATAKA CENTER                                            
                            ITEM WISE PURCHASE SUMMRY : 01/04/2026 31/03/2027                            
Group    : ALL
---------------------------------------------------------------------------------------------------------
ITEM NAME               PACKING    |    MRP | BATCH NO |  BAL.STOCK :   CASE   PCS |    RATE|      VALUE
---------------------------------------------------------------------------------------------------------
                                   |          0 |          0           0 |    0.00|       0.00
                                   |          0 |          0           0 |    0.00|       0.00
                                   |          0 |          0           0 |    0.00|       0.00
                                   |          0 |          0           0 |    0.00|       0.00
                                   |          0 |          0           0 |    0.00|       0.00
                                   |          0 |          0           0 |    0.00|       0.00
                                   |          0 |          0           0 |    0.00|       0.00
                                   |          0 |          0           0 |    0.00|       0.00
                                   |          0 |          0           0 |    0.00|       0.00
                                   |          0 |          0           0 |    0.00|       0.00
                                   |          0 |          0           0 |    0.00|       0.00
                                   |          0 |          0           0 |    0.00|       0.00
                                   |          0 |          0           0 |    0.00|       0.00
                                   |          0 |          0           0 |    0.00|       0.00
                                   |          0 |          0           0 |    0.00|       0.00
                                   |          0 |          0           0 |    0.00|       0.00
                                   |          0 |          0           0 |    0.00|       0.00
                                   |          0 |          0           0 |    0.00|       0.00
                                   |          0 |          0           0 |    0.00|       0.00
                                   |          0 |          0           0 |    0.00|       0.00
                                   |          0 |          0           0 |    0.00|       0.00
                                   |          0 |          0           0 |    0.00|       0.00
                                   |          0 |          0           0 |    0.00|       0.00
                                   |          0 |          0           0 |    0.00|       0.00
                                   |          0 |          0           0 |    0.00|       0.00
                                   |          0 |          0           0 |    0.00|       0.00
                                   |          0 |          0           0 |    0.00|       0.00
                                   |          0 |          0           0 |    0.00|       0.00
                                   |          0 |          0           0 |    0.00|       0.00
                                   |          0 |          0           0 |    0.00|       0.00
                                   |          0 |          0           0 |    0.00|       0.00
                                   |          0 |          0           0 |    0.00|       0.00
                                   |          0 |          0           0 |    0.00|       0.00
                                   |          0 |          0           0 |    0.00|       0.00
                                   |          0 |          0           0 |    0.00|       0.00
                                   |          0 |          0           0 |    0.00|       0.00
                                   |          0 |          0           0 |    0.00|       0.00
                                   |          0 |          0           0 |    0.00|       0.00
                                   |          0 |          0           0 |    0.00|       0.00
                                   |          0 |          0           0 |    0.00|       0.00
                                   |          0 |          0           0 |    0.00|       0.00
                                   |          0 |          0           0 |    0.00|       0.00
                                   |          0 |          0           0 |    0.00|       0.00
                                   |          0 |          0           0 |    0.00|       0.00
                                   |          0 |          0           0 |    0.00|       0.00
                                   |          0 |          0           0 |    0.00|       0.00
                                   |          0 |          0           0 |    0.00|       0.00
                                   |          0 |          0           0 |    0.00|       0.00
                                   |          0 |          0           0 |    0.00|       0.00
                                   |          0 |          0           0 |    0.00|       0.00
                                   |          0 |          0           0 |    0.00|       0.00
                                   |          0 |          0           0 |    0.00|       0.00
                                   |          0 |          0           0 |    0.00|       0.00
                                   |          0 |          0           0 |    0.00|       0.00
                                   |          0 |          0           0 |    0.00|       0.00
---------------------------------------------------------------------------------------------------------
                                            RAM FATAKA CENTER                                            
                            ITEM WISE PURCHASE SUMMRY : 01/04/2026 31/03/2027                            
Group    : ALL
---------------------------------------------------------------------------------------------------------
ITEM NAME               PACKING    |    MRP | BATCH NO |  BAL.STOCK :   CASE   PCS |    RATE|      VALUE
---------------------------------------------------------------------------------------------------------
                                   |          0 |          0           0 |    0.00|       0.00
                                   |          0 |          0           0 |    0.00|       0.00
                                   |          0 |          0           0 |    0.00|       0.00
                                   |          0 |          0           0 |    0.00|       0.00
                                   |          0 |          0           0 |    0.00|       0.00
                                   |          0 |          0           0 |    0.00|       0.00
                                   |          0 |          0           0 |    0.00|       0.00
                                   |          0 |          0           0 |    0.00|       0.00
                                   |          0 |          0           0 |    0.00|       0.00
                                   |          0 |          0           0 |    0.00|       0.00
                                   |          0 |          0           0 |    0.00|       0.00
                                   |          0 |          0           0 |    0.00|       0.00
                                   |          0 |          0           0 |    0.00|       0.00
                                   |          0 |          0           0 |    0.00|       0.00
                                   |          0 |          0           0 |    0.00|       0.00
                                   |          0 |          0           0 |    0.00|       0.00
                                   |          0 |          0           0 |    0.00|       0.00
                                   |          0 |          0           0 |    0.00|       0.00
                                   |          0 |          0           0 |    0.00|       0.00
                                   |          0 |          0           0 |    0.00|       0.00
                                   |          0 |          0           0 |    0.00|       0.00
                                   |          0 |          0           0 |    0.00|       0.00
                                   |          0 |          0           0 |    0.00|       0.00
                                   |          0 |          0           0 |    0.00|       0.00
                                   |          0 |          0           0 |    0.00|       0.00
                                   |          0 |          0           0 |    0.00|       0.00
                                   |          0 |          0           0 |    0.00|       0.00
                                   |          0 |          0           0 |    0.00|       0.00
                                   |          0 |          0           0 |    0.00|       0.00
                                   |          0 |          0           0 |    0.00|       0.00
                                   |          0 |          0           0 |    0.00|       0.00
                                   |          0 |          0           0 |    0.00|       0.00
                                   |          0 |          0           0 |    0.00|       0.00
                                   |          0 |          0           0 |    0.00|       0.00
                                   |          0 |          0           0 |    0.00|       0.00
                                   |          0 |          0           0 |    0.00|       0.00
                                   |          0 |          0           0 |    0.00|       0.00
                                   |          0 |          0           0 |    0.00|       0.00
                                   |          0 |          0           0 |    0.00|       0.00
                                   |          0 |          0           0 |    0.00|       0.00
                                   |          0 |          0           0 |    0.00|       0.00
                                   |          0 |          0           0 |    0.00|       0.00
                                   |          0 |          0           0 |    0.00|       0.00
                                   |          0 |          0           0 |    0.00|       0.00
                                   |          0 |          0           0 |    0.00|       0.00
                                   |          0 |          0           0 |    0.00|       0.00
                                   |          0 |          0           0 |    0.00|       0.00
                                   |          0 |          0           0 |    0.00|       0.00
                                   |          0 |          0           0 |    0.00|       0.00
                                   |          0 |          0           0 |    0.00|       0.00
                                   |          0 |          0           0 |    0.00|       0.00
                                   |          0 |          0           0 |    0.00|       0.00
                                   |          0 |          0           0 |    0.00|       0.00
                                   |          0 |          0           0 |    0.00|       0.00
                                   |          0 |          0           0 |    0.00|       0.00
---------------------------------------------------------------------------------------------------------
                                            RAM FATAKA CENTER                                            
                            ITEM WISE PURCHASE SUMMRY : 01/04/2026 31/03/2027                            
Group    : ALL
---------------------------------------------------------------------------------------------------------
ITEM NAME               PACKING    |    MRP | BATCH NO |  BAL.STOCK :   CASE   PCS |    RATE|      VALUE
---------------------------------------------------------------------------------------------------------
                                   |          0 |          0           0 |    0.00|       0.00
                                   |          0 |          0           0 |    0.00|       0.00
                                   |          0 |          0           0 |    0.00|       0.00
                                   |          0 |          0           0 |    0.00|       0.00
                                   |          0 |          0           0 |    0.00|       0.00
                                   |          0 |          0           0 |    0.00|       0.00
                                   |          0 |          0           0 |    0.00|       0.00
                                   |          0 |          0           0 |    0.00|       0.00
                                   |          0 |          0           0 |    0.00|       0.00
                                   |          0 |          0           0 |    0.00|       0.00
                                   |          0 |          0           0 |    0.00|       0.00
                                   |          0 |          0           0 |    0.00|       0.00
                                   |          0 |          0           0 |    0.00|       0.00
                                   |          0 |          0           0 |    0.00|       0.00
                                   |          0 |          0           0 |    0.00|       0.00
                                   |          0 |          0           0 |    0.00|       0.00
                                   |          0 |          0           0 |    0.00|       0.00
                                   |          0 |          0           0 |    0.00|       0.00
                                   |          0 |          0           0 |    0.00|       0.00
                                   |          0 |          0           0 |    0.00|       0.00
                                   |          0 |          0           0 |    0.00|       0.00
                                   |          0 |          0           0 |    0.00|       0.00
                                   |          0 |          0           0 |    0.00|       0.00
                                   |          0 |          0           0 |    0.00|       0.00
                                   |          0 |          0           0 |    0.00|       0.00
                                   |          0 |          0           0 |    0.00|       0.00
                                   |          0 |          0           0 |    0.00|       0.00
                                   |          0 |          0           0 |    0.00|       0.00
                                   |          0 |          0           0 |    0.00|       0.00
                                   |          0 |          0           0 |    0.00|       0.00
                                   |          0 |          0           0 |    0.00|       0.00
                                   |          0 |          0           0 |    0.00|       0.00
                                   |          0 |          0           0 |    0.00|       0.00
                                   |          0 |          0           0 |    0.00|       0.00
                                   |          0 |          0           0 |    0.00|       0.00
                                   |          0 |          0           0 |    0.00|       0.00
                                   |          0 |          0           0 |    0.00|       0.00
                                   |          0 |          0           0 |    0.00|       0.00
                                   |          0 |          0           0 |    0.00|       0.00
                                   |          0 |          0           0 |    0.00|       0.00
                                   |          0 |          0           0 |    0.00|       0.00
                                   |          0 |          0           0 |    0.00|       0.00
                                   |          0 |          0           0 |    0.00|       0.00
                                   |          0 |          0           0 |    0.00|       0.00
                                   |          0 |          0           0 |    0.00|       0.00
                                   |          0 |          0           0 |    0.00|       0.00
                                   |          0 |          0           0 |    0.00|       0.00
                                   |          0 |          0           0 |    0.00|       0.00
                                   |          0 |          0           0 |    0.00|       0.00
                                   |          0 |          0           0 |    0.00|       0.00
                                   |          0 |          0           0 |    0.00|       0.00
                                   |          0 |          0           0 |    0.00|       0.00
                                   |          0 |          0           0 |    0.00|       0.00
                                   |          0 |          0           0 |    0.00|       0.00
                                   |          0 |          0           0 |    0.00|       0.00
---------------------------------------------------------------------------------------------------------
                                            RAM FATAKA CENTER                                            
                            ITEM WISE PURCHASE SUMMRY : 01/04/2026 31/03/2027                            
Group    : ALL
---------------------------------------------------------------------------------------------------------
ITEM NAME               PACKING    |    MRP | BATCH NO |  BAL.STOCK :   CASE   PCS |    RATE|      VALUE
---------------------------------------------------------------------------------------------------------
                                   |          0 |          0           0 |    0.00|       0.00
                                   |          0 |          0           0 |    0.00|       0.00
                                   |          0 |          0           0 |    0.00|       0.00
                                   |          0 |          0           0 |    0.00|       0.00
                                   |          0 |          0           0 |    0.00|       0.00
                                   |          0 |          0           0 |    0.00|       0.00
                                   |          0 |          0           0 |    0.00|       0.00
                                   |          0 |          0           0 |    0.00|       0.00
                                   |          0 |          0           0 |    0.00|       0.00
                                   |          0 |          0           0 |    0.00|       0.00
                                   |          0 |          0           0 |    0.00|       0.00
                                   |          0 |          0           0 |    0.00|       0.00
                                   |          0 |          0           0 |    0.00|       0.00
                                   |          0 |          0           0 |    0.00|       0.00
                                   |          0 |          0           0 |    0.00|       0.00
                                   |          0 |          0           0 |    0.00|       0.00
                                   |          0 |          0           0 |    0.00|       0.00
                                   |          0 |          0           0 |    0.00|       0.00
                                   |          0 |          0           0 |    0.00|       0.00
                                   |          0 |          0           0 |    0.00|       0.00
                                   |          0 |          0           0 |    0.00|       0.00
                                   |          0 |          0           0 |    0.00|       0.00
                                   |          0 |          0           0 |    0.00|       0.00
                                   |          0 |          0           0 |    0.00|       0.00
                                   |          0 |          0           0 |    0.00|       0.00
                                   |          0 |          0           0 |    0.00|       0.00
                                   |          0 |          0           0 |    0.00|       0.00
                                   |          0 |          0           0 |    0.00|       0.00
                                   |          0 |          0           0 |    0.00|       0.00
                                   |          0 |          0           0 |    0.00|       0.00
                                   |          0 |          0           0 |    0.00|       0.00
                                   |          0 |          0           0 |    0.00|       0.00
                                   |          0 |          0           0 |    0.00|       0.00
                                   |          0 |          0           0 |    0.00|       0.00
                                   |          0 |          0           0 |    0.00|       0.00
                                   |          0 |          0           0 |    0.00|       0.00
                                   |          0 |          0           0 |    0.00|       0.00
                                   |          0 |          0           0 |    0.00|       0.00
                                   |          0 |          0           0 |    0.00|       0.00
                                   |          0 |          0           0 |    0.00|       0.00
                                   |          0 |          0           0 |    0.00|       0.00
                                   |          0 |          0           0 |    0.00|       0.00
                                   |          0 |          0           0 |    0.00|       0.00
                                   |          0 |          0           0 |    0.00|       0.00
                                   |          0 |          0           0 |    0.00|       0.00
                                   |          0 |          0           0 |    0.00|       0.00
                                   |          0 |          0           0 |    0.00|       0.00
                                   |          0 |          0           0 |    0.00|       0.00
                                   |          0 |          0           0 |    0.00|       0.00
                                   |          0 |          0           0 |    0.00|       0.00
                                   |          0 |          0           0 |    0.00|       0.00
                                   |          0 |          0           0 |    0.00|       0.00
                                   |          0 |          0           0 |    0.00|       0.00
                                   |          0 |          0           0 |    0.00|       0.00
                                   |          0 |          0           0 |    0.00|       0.00
---------------------------------------------------------------------------------------------------------
                                            RAM FATAKA CENTER                                            
                            ITEM WISE PURCHASE SUMMRY : 01/04/2026 31/03/2027                            
Group    : ALL
---------------------------------------------------------------------------------------------------------
ITEM NAME               PACKING    |    MRP | BATCH NO |  BAL.STOCK :   CASE   PCS |    RATE|      VALUE
---------------------------------------------------------------------------------------------------------
                                   |          0 |          0           0 |    0.00|       0.00
                                   |          0 |          0           0 |    0.00|       0.00
                                   |          0 |          0           0 |    0.00|       0.00
                                   |          0 |          0           0 |    0.00|       0.00
                                   |          0 |          0           0 |    0.00|       0.00
                                   |          0 |          0           0 |    0.00|       0.00
                                   |          0 |          0           0 |    0.00|       0.00
                                   |          0 |          0           0 |    0.00|       0.00
                                   |          0 |          0           0 |    0.00|       0.00
                                   |          0 |          0           0 |    0.00|       0.00
                                   |          0 |          0           0 |    0.00|       0.00
                                   |          0 |          0           0 |    0.00|       0.00
                                   |          0 |          0           0 |    0.00|       0.00
                                   |          0 |          0           0 |    0.00|       0.00
                                   |          0 |          0           0 |    0.00|       0.00
                         PKT       |         -4 |         -4           0 |    0.00|       0.00
                                   |          0 |          0           0 |    0.00|       0.00
                                   |          0 |          0           0 |    0.00|       0.00
                                   |          0 |          0           0 |    0.00|       0.00
                                   |          0 |          0           0 |    0.00|       0.00
                                   |          0 |          0           0 |    0.00|       0.00
                                   |          0 |          0           0 |    0.00|       0.00
                                   |          0 |          0           0 |    0.00|       0.00
                                   |          0 |          0           0 |    0.00|       0.00
                                   |          0 |          0           0 |    0.00|       0.00
                                   |          0 |          0           0 |    0.00|       0.00
                                   |          0 |          0           0 |    0.00|       0.00
                                   |          0 |          0           0 |    0.00|       0.00
                                   |          0 |          0           0 |    0.00|       0.00
                                   |          0 |          0           0 |    0.00|       0.00
                                   |          0 |          0           0 |    0.00|       0.00
                                   |          0 |          0           0 |    0.00|       0.00
                                   |          0 |          0           0 |    0.00|       0.00
                                   |          0 |          0           0 |    0.00|       0.00
                                   |          0 |          0           0 |    0.00|       0.00
                                   |          0 |          0           0 |    0.00|       0.00
                                   |          0 |          0           0 |    0.00|       0.00
                                   |          0 |          0           0 |    0.00|       0.00
                                   |          0 |          0           0 |    0.00|       0.00
                                   |          0 |          0           0 |    0.00|       0.00
                                   |          0 |          0           0 |    0.00|       0.00
                                   |          0 |          0           0 |    0.00|       0.00
                                   |          0 |          0           0 |    0.00|       0.00
                                   |          0 |          0           0 |    0.00|       0.00
                                   |          0 |          0           0 |    0.00|       0.00
                                   |          0 |          0           0 |    0.00|       0.00
                                   |          0 |          0           0 |    0.00|       0.00
                                   |          0 |          0           0 |    0.00|       0.00
                                   |          0 |          0           0 |    0.00|       0.00
                                   |          0 |          0           0 |    0.00|       0.00
                                   |          0 |          0           0 |    0.00|       0.00
                                   |          0 |          0           0 |    0.00|       0.00
                                   |          0 |          0           0 |    0.00|       0.00
                                   |          0 |          0           0 |    0.00|       0.00
                                   |          0 |          0           0 |    0.00|       0.00
---------------------------------------------------------------------------------------------------------
                                            RAM FATAKA CENTER                                            
                            ITEM WISE PURCHASE SUMMRY : 01/04/2026 31/03/2027                            
Group    : ALL
---------------------------------------------------------------------------------------------------------
ITEM NAME               PACKING    |    MRP | BATCH NO |  BAL.STOCK :   CASE   PCS |    RATE|      VALUE
---------------------------------------------------------------------------------------------------------
1000- 100 SHOT'S 10X10 THBOX       |          0 |          0           0 |    0.00|       0.00
1001- 100 SHOT'S 10X10 TABOX       |         12 |         12           0 |    0.00|       0.00
1002- 100 SHOT'S 10X10 FABOX       |          0 |          0           0 |    0.00|       0.00
1003- 100 SHOT'S 10X10 NIBOX       |         12 |         12           0 |    0.00|       0.00
1004- 24 SHOT 3" PIPE OSCBOX       |          4 |          4           0 |    0.00|       0.00
1005- 50 SHOT 5X10 PENDULBOX       |          6 |          6           0 |    0.00|       0.00
1006- 50 SHOT 5 X 10 TWISBOX       |          6 |          6           0 |    0.00|       0.00
1007- 70 SHOT 7 X 10 DIGIBOX       |         12 |         12           0 |    0.00|       0.00
1008- 18 HAND SHOT ( 2 PCBOX       |        112 |        112           0 |    0.00|       0.00
1009- 288 HAND SHOT M.INDBOX       |         98 |         98           0 |    0.00|       0.00
1010- 888 HAND SHOT M.INDBOX       |          0 |          0           0 |    0.00|       0.00
1011-                    BOX       |          0 |          0           0 |    0.00|       0.00
1012- 5 KA DHUM ( 5 P) ANBOX       |        208 |        208           0 |    0.00|       0.00
1013- SKY SHOT (10 P ) COBOX       |        203 |        203           0 |    0.00|       0.00
1014- PENTA SKY COCK     BOX       |         57 |         57           0 |    0.00|       0.00
1015- CHHOTA FANCY 5 IN 1BOX       |         57 |         57           0 |    0.00|       0.00
1016- TOP-TEN ( 10 P ) COBOX       |        113 |        113           0 |    0.00|       0.00
1017- 1 3/4 FANCY PIPE 5 BOX       |       1515 |       1515           0 |    0.00|       0.00
1018- 1 3/4 FANC PIPE SUPBOX       |        665 |        665           0 |    0.00|       0.00
1019- 2 1/2 F. P. MIX COLBOX       |        145 |        145           0 |    0.00|       0.00
1020- 2 1/2 F. P. MIX COLBOX       |        -10 |        -10           0 |    0.00|       0.00
1021- 2 1/2 F. P. 5COL UVBOX       |         21 |         21           0 |    0.00|       0.00
1022- 2 1/2 F. P. (3P)6COBOX       |        781 |        781           0 |    0.00|       0.00
1023- 2 1/2 F. P. (3P)6COBOX       |        193 |        193           0 |    0.00|       0.00
1024- 2 1/2 F. P. (2P)6COBOX       |          0 |          0           0 |    0.00|       0.00
1025- 2 1/2 F. P. (3PCS) BOX       |        151 |        151           0 |    0.00|       0.00
1026-                    BOX       |          0 |          0           0 |    0.00|       0.00
1027- 2 1/2 F. P. (3P)MIXBOX       |         28 |         28           0 |    0.00|       0.00
1028- 2 1/2 F. P. (3P)3 IBOX       |        104 |        104           0 |    0.00|       0.00
1029- PARACHUTE NIGHTOUT BOX       |          9 |          9           0 |    0.00|       0.00
1030- 2 1/2 F. P.LONG(3P)BOX       |          7 |          7           0 |    0.00|       0.00
1031- 2 FANCY PIPE 2 COLOBOX       |       2400 |       2400           0 |    0.00|       0.00
1032-                    BOX       |          0 |          0           0 |    0.00|       0.00
1033- 3  FANCY PIPE (1P) BOX       |        120 |        120           0 |    0.00|       0.00
1034- 3  FANCY PIPE (1P) BOX       |          0 |          0           0 |    0.00|       0.00
1035- 3  FANCY PIPE (1P) BOX       |          0 |          0           0 |    0.00|       0.00
1036- 3  FANCY PIPE (1P) BOX       |        279 |        279           0 |    0.00|       0.00
1037- 3  FANCY PIPE (1P) BOX       |        298 |        298           0 |    0.00|       0.00
1038-                    BOX       |          0 |          0           0 |    0.00|       0.00
1039- 3  FANCY PIPE (2P) BOX       |         13 |         13           0 |    0.00|       0.00
1040- 3  FANCY PIPE (3P) BOX       |          5 |          5           0 |    0.00|       0.00
1041-                    BOX       |          0 |          0           0 |    0.00|       0.00
1042- 3 1/2 F.P.(1P)COL WBOX       |       2206 |       2206           0 |    0.00|       0.00
1043- 3 1/2 FANCY PIPE (1BOX       |          9 |          9           0 |    0.00|       0.00
1044- 3 1/2 FANCY PIPE (1BOX       |          0 |          0           0 |    0.00|       0.00
1045-                    BOX       |          0 |          0           0 |    0.00|       0.00
1046- 3 1/2 F. P. YELLOW BOX       |         12 |         12           0 |    0.00|       0.00
1047- 3 1/2 F. P. ITS FLYBOX       |         10 |         10           0 |    0.00|       0.00
1048- 3 1/2 F. P. DOUBLE BOX       |         88 |         88           0 |    0.00|       0.00
1049- 3 1/2 F. P. DOUBLE BOX       |        462 |        462           0 |    0.00|       0.00
1050- 4"  F. P.(1P) 5 MIXBOX       |        342 |        342           0 |    0.00|       0.00
1051- 4"  F. P.(2P) 3 COLBOX       |          0 |          0           0 |    0.00|       0.00
1052- 4"  F. P.(2P) 8 COLBOX       |         39 |         39           0 |    0.00|       0.00
1053- 4"  DLX F.P.(2P) 12BOX       |         72 |         72           0 |    0.00|       0.00
1054- 4"  F.P.(2P)DOUBLE BOX       |         60 |         60           0 |    0.00|       0.00
---------------------------------------------------------------------------------------------------------
                                            RAM FATAKA CENTER                                            
                            ITEM WISE PURCHASE SUMMRY : 01/04/2026 31/03/2027                            
Group    : ALL
---------------------------------------------------------------------------------------------------------
ITEM NAME               PACKING    |    MRP | BATCH NO |  BAL.STOCK :   CASE   PCS |    RATE|      VALUE
---------------------------------------------------------------------------------------------------------
1055- 4"  F.P.(1P)4COL MIBOX       |        201 |        201           0 |    0.00|       0.00
1056-                    BOX       |          0 |          0           0 |    0.00|       0.00
1057-                    BOX       |          0 |          0           0 |    0.00|       0.00
1058- SNOW SPRAY WHITE TAPKT       |       2160 |       2160           0 |    0.00|       0.00
1059-                    PKT       |          0 |          0           0 |    0.00|       0.00
1060- COL SMOKE DHUA 5COLPKT       |       1313 |       1313           0 |    0.00|       0.00
1061- COL SMOKE DHUA ORANPKT       |        270 |        270           0 |    0.00|       0.00
1062- COL SMOKE DHUA YELLPKT       |        540 |        540           0 |    0.00|       0.00
1063- 15 SHOT 3 COL R.R  PKT       |        286 |        286           0 |    0.00|       0.00
1064- SKYDER 9 SHOT M. COPKT       |          5 |          5           0 |    0.00|       0.00
1065- HAND RIBAN PAPER MIPCS       |          5 |          5           0 |    0.00|       0.00
1066- 40 CM PARTY POPPER PCS       |        500 |        500           0 |    0.00|       0.00
1067-                    PCS       |          0 |          0           0 |    0.00|       0.00
1068- 4 SHOTS PAPER FANTABOX       |         -2 |         -2           0 |    0.00|       0.00
1069- 8 SHOTS PAPER KBC KBOX       |         -2 |         -2           0 |    0.00|       0.00
1070- 8 SHOTS PAPER BONANBOX       |         30 |         30           0 |    0.00|       0.00
1071- 16 SHOTS PAPER COL BOX       |          0 |          0           0 |    0.00|       0.00
1072- 21 SHOTS PAPER CENTBOX       |        300 |        300           0 |    0.00|       0.00
1073- MONEY RAIN ( 1 PCS)BOX       |        299 |        299           0 |    0.00|       0.00
1074- POP POP MULTI COLOUPKT       |      92400 |      92400           0 |    0.00|       0.00
1075- POP POP MULTI COLOUPKT       |          0 |          0           0 |    0.00|       0.00
1076- POP POP MULTI COLOUBOX       |          0 |          0           0 |    0.00|       0.00
1077- POP POP MULI COLOURBOX       |          0 |          0           0 |    0.00|       0.00
1078- POP POP COLOUR BIG PKT       |       1500 |       1500           0 |    0.00|       0.00
1079- DHAGA (80 DABBI) INPKT       |       3360 |       3360           0 |    0.00|       0.00
1080- MATCHIS ONE SOUND ABOX       |       3868 |       3868           0 |    0.00|       0.00
1081- MATCHIS ONE SOUND SBOX       |          0 |          0           0 |    0.00|       0.00
1082- MATCHIS ONE SOUND OBOX       |          0 |          0           0 |    0.00|       0.00
1083- MATCHIS ONE SOUND NBOX       |          0 |          0           0 |    0.00|       0.00
1084- PATANG BALLOON (10 BOX       |       4690 |       4690           0 |    0.00|       0.00
1085- G-11 MACHIS GUN (1 BOX       |        216 |        216           0 |    0.00|       0.00
1086-                              |          0 |          0           0 |    0.00|       0.00
1087- BULLET ROCKET YUG (PCS       |         34 |         34           0 |    0.00|       0.00
1088- YOGESH BLACK GUN REPKT       |       2064 |       2064           0 |    0.00|       0.00
1089- TOM COLOUR YUG ( 12PCS       |        948 |        948           0 |    0.00|       0.00
1090- V-30 COLOUR VISHNU PCS       |       4068 |       4068           0 |    0.00|       0.00
1091- ROBOT BLACK S-61 SOPCS       |       2952 |       2952           0 |    0.00|       0.00
1092- V-301 COLOUR VISHNUPCS       |       1320 |       1320           0 |    0.00|       0.00
1093- V-35 BLACK VISHNU(1PCS       |       2760 |       2760           0 |    0.00|       0.00
1094- 86 BLACK SOM(12 PCSPCS       |       4176 |       4176           0 |    0.00|       0.00
1095- 86 COLOUR SOM (12 PPCS       |       2496 |       2496           0 |    0.00|       0.00
1096- NICE BLACK SOM(12 PPCS       |       2016 |       2016           0 |    0.00|       0.00
1097- NICE COLOUR SOM (12PCS       |       3492 |       3492           0 |    0.00|       0.00
1098- VATMAN BLACK SOM (1PCS       |       1898 |       1898           0 |    0.00|       0.00
1099- VATMAN COLOUR SOM (PCS       |       2244 |       2244           0 |    0.00|       0.00
1100- DOLPHIN BLACK SOM(6PCS       |       1506 |       1506           0 |    0.00|       0.00
1101- DOLPHIN COLOUR SOM PCS       |        912 |        912           0 |    0.00|       0.00
1102- TIGER BLACK SOM(12 PCS       |       1410 |       1410           0 |    0.00|       0.00
1103- TIGER COLOUR SOM (1PCS       |        528 |        528           0 |    0.00|       0.00
1104- S-151 COLOUR SOM   PCS       |        548 |        548           0 |    0.00|       0.00
1105- SPIDER BLACK SOM ( PCS       |        622 |        622           0 |    0.00|       0.00
1106- SPIDER COLOUR SOM  PCS       |        940 |        940           0 |    0.00|       0.00
1107- CAMANDO BLACK SOM (PCS       |        428 |        428           0 |    0.00|       0.00
1108- CAMANDO COLOUR SOM PCS       |        356 |        356           0 |    0.00|       0.00
1109- MISSILE GUN 75203 YPCS       |        542 |        542           0 |    0.00|       0.00
---------------------------------------------------------------------------------------------------------
                                            RAM FATAKA CENTER                                            
                            ITEM WISE PURCHASE SUMMRY : 01/04/2026 31/03/2027                            
Group    : ALL
---------------------------------------------------------------------------------------------------------
ITEM NAME               PACKING    |    MRP | BATCH NO |  BAL.STOCK :   CASE   PCS |    RATE|      VALUE
---------------------------------------------------------------------------------------------------------
111- ROLL CAPS AGNI      PKT       |      10280 |      10280           0 |    0.00|       0.00
1110- MISSILE GUN DY787 YPCS       |        100 |        100           0 |    0.00|       0.00
1111- 5 - STAR SMALL VEROPCS       |       1289 |       1289           0 |    0.00|       0.00
1112- 5 - STAR BIG RING SPCS       |       2268 |       2268           0 |    0.00|       0.00
1113- MISSILE GUN R-751 SPCS       |       4067 |       4067           0 |    0.00|       0.00
1114- HUNTER GUN WITH RINBOX       |        500 |        500           0 |    0.00|       0.00
1115- PUBG GUN ( 5 P X 1 BOX       |        315 |        315           0 |    0.00|       0.00
1116-                              |          0 |          0           0 |    0.00|       0.00
1117- RING CAPS (1OOPKT= PKT       |       2000 |       2000           0 |    0.00|       0.00
1118- RING CAPS (1OOPKT= PKT       |      28800 |      28800           0 |    0.00|       0.00
1119- RING CAPS (1OOPKT= PKT       |       3500 |       3500           0 |    0.00|       0.00
112- ROLL CAPS S.T.D.    PKT       |        430 |        430           0 |    0.00|       0.00
1120- RING CAPS (1OOPKT= PKT       |          0 |          0           0 |    0.00|       0.00
1121- MISSILE SIREN(127X1PKT       |        825 |        825           0 |    0.00|       0.00
1122-                    PKT       |          0 |          0           0 |    0.00|       0.00
1123-                    PKT       |          0 |          0           0 |    0.00|       0.00
1124- CUTTING PAPER M-COLKG-1      |          0 |          0           0 |    0.00|       0.00
1125- CUTTING SPL,COL,REDKG-1      |          0 |          0           0 |    0.00|       0.00
1126- CUTTING WHITE,PINK,KG-1      |          0 |          0           0 |    0.00|       0.00
1127- CHAMKI PAPER CHAMKIKG-1      |          0 |          0           0 |    0.00|       0.00
1128- 2 COL MIX DILVER & KG-1      |          0 |          0           0 |    0.00|       0.00
1129- CONFETTI PARER BLASKG-1      |          0 |          0           0 |    0.00|       0.00
113- DOT CAPS RATHANA    PKT       |        405 |        405           0 |    0.00|       0.00
1130- 1 3/4 SKY SHOT GUN KG-1      |          0 |          0           0 |    0.00|       0.00
1131- COL.IGNITOR 6COL COKG-1      |          0 |          0           0 |    0.00|       0.00
1132- GOLD PYRO BLACK RIDBOX       |          0 |          0           0 |    0.00|       0.00
1133- COLD PYRO BLACK R.RBOX       |          0 |          0           0 |    0.00|       0.00
1134- COLD PYRO YELLO BOXBOX       |          0 |          0           0 |    0.00|       0.00
1135- COLD PYRO WHITE BOXBOX       |          0 |          0           0 |    0.00|       0.00
1136- NAAGARA FALLS ( 25 BOX       |          0 |          0           0 |    0.00|       0.00
1137-                    BOX       |          0 |          0           0 |    0.00|       0.00
1138- PAPER BLAST STAND  BOX       |          0 |          0           0 |    0.00|       0.00
1139- COLD PYRO BLACK GUNBOX       |          0 |          0           0 |    0.00|       0.00
114- R & G MATCH BOX SHANBUNDLE    |         24 |         24           0 |    0.00|       0.00
1140- COLD PYRO L.A.D GUNBOX       |          0 |          0           0 |    0.00|       0.00
1141- COLD PYRO GUN CHARGPCS       |          0 |          0           0 |    0.00|       0.00
1142- PEPAR CUTTING BLOWEPCS       |          0 |          0           0 |    0.00|       0.00
1143- PEPAR CUTTING BLOWEPCS       |          0 |          0           0 |    0.00|       0.00
1144- CUTTING PAPER BLOWEPCS       |          0 |          0           0 |    0.00|       0.00
1145- C.O.2 GUN          PCS       |          0 |          0           0 |    0.00|       0.00
1146- L.E.D GUN          PCS       |          0 |          0           0 |    0.00|       0.00
1147- 3 IN 1 GOLD PYRO GUPCS       |          0 |          0           0 |    0.00|       0.00
1148- FAN WHEEL MACHINE  PCS       |          0 |          0           0 |    0.00|       0.00
1149- ZIG ZAG MACHINE    PCS       |          0 |          0           0 |    0.00|       0.00
115- R & G MATCH BOX RAYABUNDLE    |         50 |         50           0 |    0.00|       0.00
1150- HAND FAN WHEEL MACHPCS       |          0 |          0           0 |    0.00|       0.00
1151- BUBBLE MACHINE     PCS       |          0 |          0           0 |    0.00|       0.00
1152- FOGGER MACHINE     PCS       |          0 |          0           0 |    0.00|       0.00
1153- DANCING RING MACHINPCS       |          0 |          0           0 |    0.00|       0.00
1154- GOLD PYRO MACHINE 8PCS       |          0 |          0           0 |    0.00|       0.00
1155- GOLD PYRO MACHINE 2PCS       |          0 |          0           0 |    0.00|       0.00
1156- GOLD PYRO MACHINE 2PCS       |          0 |          0           0 |    0.00|       0.00
1157- BALOON FUSE        PCS       |          0 |          0           0 |    0.00|       0.00
1158- PAPER BLAST FUSE   PCS       |          0 |          0           0 |    0.00|       0.00
1159-                    PCS       |          0 |          0           0 |    0.00|       0.00
---------------------------------------------------------------------------------------------------------
                                            RAM FATAKA CENTER                                            
                            ITEM WISE PURCHASE SUMMRY : 01/04/2026 31/03/2027                            
Group    : ALL
---------------------------------------------------------------------------------------------------------
ITEM NAME               PACKING    |    MRP | BATCH NO |  BAL.STOCK :   CASE   PCS |    RATE|      VALUE
---------------------------------------------------------------------------------------------------------
116- ANCHOR MAGIC POTS (5PKT       |        100 |        100           0 |    0.00|       0.00
1160-                    PCS       |          0 |          0           0 |    0.00|       0.00
1161- 12 SHOT JUNGLE BOOKPKT       |          0 |          0           0 |    0.00|       0.00
1162- F. POT COL. KOTI 'MBOX       |       -120 |       -120           0 |    0.00|       0.00
1163- 600 LAR COL FOG WALPKT       |          0 |          0           0 |    0.00|       0.00
1164- 7 SHOT ( 10 P ) (NOPKT       |          0 |          0           0 |    0.00|       0.00
1165- 1000 LAR WALA (NO.GPKT       |          0 |          0           0 |    0.00|       0.00
1166-                    PKT       |          0 |          0           0 |    0.00|       0.00
1167-                    PKT       |          0 |          0           0 |    0.00|       0.00
1168-                    PKT       |          0 |          0           0 |    0.00|       0.00
1169-                    PKT       |          0 |          0           0 |    0.00|       0.00
117- GEM MEGA ( 10 PKT ) PKT       |         32 |         32           0 |    0.00|       0.00
1170-                    PKT       |          0 |          0           0 |    0.00|       0.00
118- WONDER CRACKLING ( 1PKT       |         40 |         40           0 |    0.00|       0.00
119- ASST CARTOON(10 PCS)PKT       |        -27 |        -27           0 |    0.00|       0.00
12 SHOT PING PONG SRM    BOX       |          0 |          0           0 |    0.00|       0.00
120- ASST CARTOON BEN TENPKT       |        340 |        340           0 |    0.00|       0.00
121- SNAKE CARTOON(25P)SAPKT       |        332 |        332           0 |    0.00|       0.00
122- RAJDHANI RAIL(10 PCSPKT       |        150 |        150           0 |    0.00|       0.00
123- FIGHTER ANIL        PKT       |          0 |          0           0 |    0.00|       0.00
124- BIG NAGGOLI PANDYAN BUNDLE    |        211 |        211           0 |    0.00|       0.00
125- BIG NAGGOLI PANDYAN BUNDLE    |       1072 |       1072           0 |    0.00|       0.00
126- BIG NAGGOLI ANA-CONDBOX       |        200 |        200           0 |    0.00|       0.00
127- JEE BOOM BAA SQUARE BOX       |        624 |        624           0 |    0.00|       0.00
128- JEE BOOM BAA HEXA GLBOX       |        457 |        457           0 |    0.00|       0.00
129- KIT-KAT(10 P)YUVA   PKT       |       8700 |       8700           0 |    0.00|       0.00
130- DRAGON FIGHTER U.V.BPKT       |       4420 |       4420           0 |    0.00|       0.00
131- KIT-KAT (10 P) RAJHAPKT       |       7220 |       7220           0 |    0.00|       0.00
132- KIT-KAT(10 P)U.V.BOXPKT       |       4020 |       4020           0 |    0.00|       0.00
133- KIT-KAT BIG(10 P)TIRPKT       |       -100 |       -100           0 |    0.00|       0.00
134- CHIT PUT MERCURY    PKT       |        400 |        400           0 |    0.00|       0.00
135- POP POP CRACKLING AYPKT       |        720 |        720           0 |    0.00|       0.00
136-                               |          0 |          0           0 |    0.00|       0.00
137                                |          0 |          0           0 |    0.00|       0.00
138- GANGA JAMUNA SRI PATPKT       |       1255 |       1255           0 |    0.00|       0.00
139- GANGA JAMUNA OVEETA(PKT       |        650 |        650           0 |    0.00|       0.00
140- GANGA JAMUNA FLOWER PKT       |        370 |        370           0 |    0.00|       0.00
141- GANGA JAMUNA MERCURYPKT       |        695 |        695           0 |    0.00|       0.00
142- MAGIC FOUNTAIN OVEEYPKT       |        280 |        280           0 |    0.00|       0.00
143- ULTA PULTA FLOWER BOPKT       |        350 |        350           0 |    0.00|       0.00
144- MAGIC FOUNTAIN MAGHTPKT       |        106 |        106           0 |    0.00|       0.00
145- THE GREAT SPLENDOUR PKT       |        230 |        230           0 |    0.00|       0.00
146-                               |          0 |          0           0 |    0.00|       0.00
147- RED BIJALI (50 PCS) BAG       |          0 |          0           0 |    0.00|       0.00
148- RED BIJALI ROSE (10BAG       |      10060 |      10060           0 |    0.00|       0.00
149- MINI RED BIJALI CAT BAG       |       1500 |       1500           0 |    0.00|       0.00
150- RED BIJALI AYYANAR (BAG       |       6180 |       6180           0 |    0.00|       0.00
151- RED BIJALI GANESH(10BAG       |       1150 |       1150           0 |    0.00|       0.00
152- RED BIJALI S.T.D.(10BAG       |       1420 |       1420           0 |    0.00|       0.00
153- RED BIJALI SONY (100BAG       |       2940 |       2940           0 |    0.00|       0.00
154- RED BIJALI VIMAL(100BAG       |       1500 |       1500           0 |    0.00|       0.00
155- RED BIJALI (100 PCS)BAG       |          0 |          0           0 |    0.00|       0.00
156- RED BIJALI (100 PCS)BAG       |          0 |          0           0 |    0.00|       0.00
157-                     BAG       |          0 |          0           0 |    0.00|       0.00
158- STRIPPED BIJALI ROSEBAG       |          0 |          0           0 |    0.00|       0.00
---------------------------------------------------------------------------------------------------------
                                            RAM FATAKA CENTER                                            
                            ITEM WISE PURCHASE SUMMRY : 01/04/2026 31/03/2027                            
Group    : ALL
---------------------------------------------------------------------------------------------------------
ITEM NAME               PACKING    |    MRP | BATCH NO |  BAL.STOCK :   CASE   PCS |    RATE|      VALUE
---------------------------------------------------------------------------------------------------------
159- STRIPPED BIJALI MERCBAG       |       3450 |       3450           0 |    0.00|       0.00
160- STRIPPED BIJALI ROSEBAG       |          0 |          0           0 |    0.00|       0.00
161- STRIPPED BIJALI AYYABAG       |       4190 |       4190           0 |    0.00|       0.00
162- STRIPPED BIJALI  (10BAG       |          0 |          0           0 |    0.00|       0.00
163- STRIPPED BIJALI GAINBAG       |       1730 |       1730           0 |    0.00|       0.00
164- STRIPPED BIJALI S.T.BAG       |       4500 |       4500           0 |    0.00|       0.00
165- STRIPPED BIJALI  (10BAG       |          0 |          0           0 |    0.00|       0.00
166-                     BAG       |          0 |          0           0 |    0.00|       0.00
167- GOLD BIJALI A.G.S (5BAG       |       9580 |       9580           0 |    0.00|       0.00
168- GOLD BIJALI COCK (50BAG       |       2200 |       2200           0 |    0.00|       0.00
169- GOLD BIJALI OTHER (1BAG       |       7350 |       7350           0 |    0.00|       0.00
170- GOLD BIJALI A.G.S(10BAG       |       9790 |       9790           0 |    0.00|       0.00
171- GOLD BIJALI GIANT OVBAG       |       1300 |       1300           0 |    0.00|       0.00
172- GOLD BIJALI APPLE(10BAG       |       2780 |       2780           0 |    0.00|       0.00
173- GOLD BIJALI SRIPATHIBAG       |      11870 |      11870           0 |    0.00|       0.00
174- GOLD BIJALI AYYANAR(BAG       |       4270 |       4270           0 |    0.00|       0.00
175- GOLD BIJALI COCK(100BAG       |       2320 |       2320           0 |    0.00|       0.00
176- BASKET BOMB SINGADA BAG       |       3880 |       3880           0 |    0.00|       0.00
177-                     BAG       |          0 |          0           0 |    0.00|       0.00
178- 9 CM PLAIN INDRA (10 BOX      |       4150 |       4150           0 |    0.00|       0.00
179- 9 CM COL INDRA (10 D BOX      |       3710 |       3710           0 |    0.00|       0.00
180- 9 CM PLAIN CLASSIC ( BOX      |        545 |        545           0 |    0.00|       0.00
181- 9 CM COL CLASSIC (10 BOX      |        548 |        548           0 |    0.00|       0.00
182- 9 CM 2 IN 1 CLASSIC( BOX      |        592 |        592           0 |    0.00|       0.00
183- 7 CM PLAIN M.R.P. (1 BOX      |        535 |        535           0 |    0.00|       0.00
184- 7 CM COL SARAVANA(10 BOX      |        335 |        335           0 |    0.00|       0.00
185- 7 CM GREEN SARAVANA  BOX      |        530 |        530           0 |    0.00|       0.00
186- 7 CM RED M.R.P. (10  BOX      |        360 |        360           0 |    0.00|       0.00
187- 7 CM COL VASANTHA(10 BOX      |        205 |        205           0 |    0.00|       0.00
188- 7 CM PLAIN GOLD S.T. BOX      |        129 |        129           0 |    0.00|       0.00
189- 7 CM COL GOLD S.T.D( BOX      |         96 |         96           0 |    0.00|       0.00
190-                               |          0 |          0           0 |    0.00|       0.00
191-                               |          0 |          0           0 |    0.00|       0.00
192- 10 CM PLAIN LEO     PKT       |       5000 |       5000           0 |    0.00|       0.00
193- 10 CM GREEN BHAWAN  PKT       |       1200 |       1200           0 |    0.00|       0.00
194- 10 CM RED DEEOAM    PKT       |        600 |        600           0 |    0.00|       0.00
195- 10 CM SILVER DROPS SPKT       |       1200 |       1200           0 |    0.00|       0.00
196- 12 CM PLAIN LEO     PKT       |       1400 |       1400           0 |    0.00|       0.00
197- 30 CM GREEN SARAVANAPKT       |        450 |        450           0 |    0.00|       0.00
198- 30 CM RED SARAVANA (PKT       |        100 |        100           0 |    0.00|       0.00
199- 30 CM SILVER DROPS SPKT       |         75 |         75           0 |    0.00|       0.00
200- 50 CM PLAIN PIPE SARPKT       |        235 |        235           0 |    0.00|       0.00
201- 50 CM COL PIPE SARAVPKT       |        235 |        235           0 |    0.00|       0.00
202- 50 CM MULTIMIX PIPE PKT       |         80 |         80           0 |    0.00|       0.00
203- 75 CM PLAIN PIPE SARPKT       |        175 |        175           0 |    0.00|       0.00
204- 75 CM COL PIPE SARAVPKT       |        210 |        210           0 |    0.00|       0.00
205- 75 CM MULTIMIX PIPE PKT       |        235 |        235           0 |    0.00|       0.00
206-                     PKT       |          0 |          0           0 |    0.00|       0.00
207-                     BOX       |          0 |          0           0 |    0.00|       0.00
208- 11 CM PLAIN SHRIBABAPKT       |      12000 |      12000           0 |    0.00|       0.00
209- 10 CM COL CHANDRA   PKT       |       4850 |       4850           0 |    0.00|       0.00
210- 12 CM PLAIN CHANDRA PKT       |       1750 |       1750           0 |    0.00|       0.00
211- 12 CM COL CHANDRA   PKT       |       1750 |       1750           0 |    0.00|       0.00
212- 12 CM  50 X 50 CHANDPKT       |       3450 |       3450           0 |    0.00|       0.00
213- 12 CM 5 IN 1 (5 PKT)PKT       |        308 |        308           0 |    0.00|       0.00
---------------------------------------------------------------------------------------------------------
                                            RAM FATAKA CENTER                                            
                            ITEM WISE PURCHASE SUMMRY : 01/04/2026 31/03/2027                            
Group    : ALL
---------------------------------------------------------------------------------------------------------
ITEM NAME               PACKING    |    MRP | BATCH NO |  BAL.STOCK :   CASE   PCS |    RATE|      VALUE
---------------------------------------------------------------------------------------------------------
214- 15 CM PLAIN CHANDRA PKT       |       1400 |       1400           0 |    0.00|       0.00
215- 15 CM COL CHANDRA   PKT       |       1300 |       1300           0 |    0.00|       0.00
216- 15 CM  50 X 50 (5 PCPKT       |       1990 |       1990           0 |    0.00|       0.00
217- 15 CM 2 IN 1 CHANDRAPKT       |       1950 |       1950           0 |    0.00|       0.00
218- 30 CM PLAIN CHANDRA PKT       |       1150 |       1150           0 |    0.00|       0.00
219- 30 CM COL CHANDRA   PKT       |       1050 |       1050           0 |    0.00|       0.00
220-                     PKT       |          0 |          0           0 |    0.00|       0.00
221- 10 CM PLAIN CLASSIC PKT       |       4360 |       4360           0 |    0.00|       0.00
222- 10 CM COL CLASSIC (5PKT       |       4440 |       4440           0 |    0.00|       0.00
223- 10 CM GREEN CLASSIC PKT       |       3200 |       3200           0 |    0.00|       0.00
224- 10 CM RED CLASSIC(5 PKT       |       3200 |       3200           0 |    0.00|       0.00
225- 10 CM 2 IN 1 CLASSICPKT       |       4970 |       4970           0 |    0.00|       0.00
226- 12 CM PLAIN LX CLASSPKT       |       3180 |       3180           0 |    0.00|       0.00
227- 12 CM COL LX CLASSICPKT       |       3020 |       3020           0 |    0.00|       0.00
228- 12 CM PLAIN DLX CLASPKT       |       2200 |       2200           0 |    0.00|       0.00
229- 12 CM COL DLX CLASSIPKT       |       2250 |       2250           0 |    0.00|       0.00
230- 12 CM GREEN LX CLASSPKT       |       2070 |       2070           0 |    0.00|       0.00
231- 12 CM RED LX CLASSICPKT       |       2170 |       2170           0 |    0.00|       0.00
232- 12 CM 2 IN 1 CLASSICPKT       |       4020 |       4020           0 |    0.00|       0.00
233- 12 CM 4 IN 1 LX CLASPKT       |       2870 |       2870           0 |    0.00|       0.00
234- 12 CM  5 IN 1(GIFT BPKT       |        108 |        108           0 |    0.00|       0.00
235- 15 CM PLAIN AB MAGICPKT       |       7760 |       7760           0 |    0.00|       0.00
236- 15 CM PLAIN DLX CLASPKT       |       1495 |       1495           0 |    0.00|       0.00
237- 15 CM PLAIN BOXE(2P PKT       |       2650 |       2650           0 |    0.00|       0.00
238- 15 CM COL AB MAGIC CPKT       |       4800 |       4800           0 |    0.00|       0.00
239- 15 CM COL DLX CLASSIPKT       |       1690 |       1690           0 |    0.00|       0.00
240- 15 CM COL BOXE(2P CEPKT       |       2650 |       2650           0 |    0.00|       0.00
241- 15 CM GREEN CLASSIC PKT       |        745 |        745           0 |    0.00|       0.00
242- 15 CM RED CLASSIC  (PKT       |       2265 |       2265           0 |    0.00|       0.00
243- 15 CM 2 IN 1 CLASSICPKT       |       4770 |       4770           0 |    0.00|       0.00
244- 15 CM RED BOXE(2P CEPKT       |          0 |          0           0 |    0.00|       0.00
245- 15 CM 2IN1 BOXE(2P CPKT       |       2655 |       2655           0 |    0.00|       0.00
246- 15 CM MIX TRIX CLASSPKT       |       1780 |       1780           0 |    0.00|       0.00
247- 15 CM SKY PARK (GIFTPKT       |        433 |        433           0 |    0.00|       0.00
248- 30 CM PLAIN AB MAGICPKT       |       3750 |       3750           0 |    0.00|       0.00
249- 30 CM PLAIN DLX CLASPKT       |       2600 |       2600           0 |    0.00|       0.00
250- 30 CM PLAIN BOXE(2P PKT       |       1760 |       1760           0 |    0.00|       0.00
251- 30 CM COL AB MAGIC CPKT       |       4400 |       4400           0 |    0.00|       0.00
252- 30 CM COL DLX CLASSIPKT       |       2420 |       2420           0 |    0.00|       0.00
253- 30 CM COL BOXE(2P CEPKT       |       1760 |       1760           0 |    0.00|       0.00
254- 30 CM GREEN CLASSIC PKT       |       2350 |       2350           0 |    0.00|       0.00
255- 30 CM GREEN BOXE(2P PKT       |          0 |          0           0 |    0.00|       0.00
256- 30 CM RED CLASSIC (5PKT       |       2210 |       2210           0 |    0.00|       0.00
257- 30 CM RED BOXE(2P CEPKT       |          0 |          0           0 |    0.00|       0.00
258- 30 CM 2 IN 1 CLASSICPKT       |       2110 |       2110           0 |    0.00|       0.00
259- 30 CM 2 IN 1 BOXE(2PPKT       |       1800 |       1800           0 |    0.00|       0.00
260- 30 CM  MLLENIUM MIX PKT       |        321 |        321           0 |    0.00|       0.00
261- 40 CM STAR CLASSIC (PKT       |        183 |        183           0 |    0.00|       0.00
262- 40 CM FISH CLASSIC (PKT       |        192 |        192           0 |    0.00|       0.00
263- 40 CM LAMP  CLASSIC(PKT       |        186 |        186           0 |    0.00|       0.00
264- 40 CM X-MAS CLASSIC PKT       |        176 |        176           0 |    0.00|       0.00
265- 50 CM PLAIN SPL CLASPKT       |        359 |        359           0 |    0.00|       0.00
266- 50 CM COL SPL CLASSIPKT       |        367 |        367           0 |    0.00|       0.00
267- 50 CM PLAIN PIPE CLAPKT       |         75 |         75           0 |    0.00|       0.00
268- 50 CM COL PIPE CLASSPKT       |         65 |         65           0 |    0.00|       0.00
---------------------------------------------------------------------------------------------------------
                                            RAM FATAKA CENTER                                            
                            ITEM WISE PURCHASE SUMMRY : 01/04/2026 31/03/2027                            
Group    : ALL
---------------------------------------------------------------------------------------------------------
ITEM NAME               PACKING    |    MRP | BATCH NO |  BAL.STOCK :   CASE   PCS |    RATE|      VALUE
---------------------------------------------------------------------------------------------------------
269- 100 CM PLAIN SPL CLAPKT       |         38 |         38           0 |    0.00|       0.00
270- 100 CM COL SPL CLASSPKT       |         41 |         41           0 |    0.00|       0.00
271- 100 CM PLAIN PIPE CLPKT       |         29 |         29           0 |    0.00|       0.00
272- 100 CM COL PIPE CLASPKT       |         39 |         39           0 |    0.00|       0.00
273-                               |          0 |          0           0 |    0.00|       0.00
274-                               |          0 |          0           0 |    0.00|       0.00
275-                               |          0 |          0           0 |    0.00|       0.00
276- 10 CM PLAIN ASOK ( 5PKT       |       1800 |       1800           0 |    0.00|       0.00
277- 10 CM COL ASOK ( 5 PPKT       |       2950 |       2950           0 |    0.00|       0.00
278- 10 CM GREEN ASOK ( 5PKT       |       2400 |       2400           0 |    0.00|       0.00
279- 10 CM RED ASOK ( 5 PPKT       |       1800 |       1800           0 |    0.00|       0.00
280- 10 CM 4 COLOUR ASOK PKT       |        200 |        200           0 |    0.00|       0.00
281- 12 CM PLAIN ASOK ( 2PKT       |        400 |        400           0 |    0.00|       0.00
282- 12 CM COLOUR ASOK ( PKT       |        800 |        800           0 |    0.00|       0.00
283- 15 CM PLAIN ASOK ( 2PKT       |        139 |        139           0 |    0.00|       0.00
284- 30 CM PLAIN ASOK ( 2PKT       |         44 |         44           0 |    0.00|       0.00
285- 30 CM COL ASOK ( 2 PPKT       |         80 |         80           0 |    0.00|       0.00
286- FANCY SPARKLERS LOLLPKT       |          0 |          0           0 |    0.00|       0.00
287- DANCING UMRELA OWL  PKT       |          1 |          1           0 |    0.00|       0.00
288- SPINNIG SPARKLERS KAPKT       |        140 |        140           0 |    0.00|       0.00
289-                     PKT       |          0 |          0           0 |    0.00|       0.00
290- 10 CHORASA MUNNA DURBUNDLE    |        388 |        388           0 |    0.00|       0.00
291- 10 GAINT JAWAN GEMS BUNDLE    |        239 |        239           0 |    0.00|       0.00
292-                               |          0 |          0           0 |    0.00|       0.00
293- 16 CHORSA B GROUP (5PKT       |      12000 |      12000           0 |    0.00|       0.00
294- 28 CHORSA K.R.K (50PPKT       |       1050 |       1050           0 |    0.00|       0.00
295- 28 CHORSA TAJ  T/MEEPKT       |       3950 |       3950           0 |    0.00|       0.00
296- 28 CHORSA TURKEY  RAPKT       |      14600 |      14600           0 |    0.00|       0.00
297- 28 CHORSA (25PCS) VEPKT       |       1450 |       1450           0 |    0.00|       0.00
298- 32 CHORSA MIX RED-GOPKT       |       1500 |       1500           0 |    0.00|       0.00
299-                     PKT       |          0 |          0           0 |    0.00|       0.00
300-                     PKT       |          0 |          0           0 |    0.00|       0.00
301- 28 GAINT CHORSA (25 PKT       |       3275 |       3275           0 |    0.00|       0.00
302- 28 GAINT CHORSA (25 PKT       |      11950 |      11950           0 |    0.00|       0.00
303- 28 GAINT CHORSA (25 PKT       |      13850 |      13850           0 |    0.00|       0.00
304- 28 GAINT CHORSA (25 PKT       |          0 |          0           0 |    0.00|       0.00
305- 28 SUP GAINT CHORSA PKT       |          0 |          0           0 |    0.00|       0.00
306-                     PKT       |          0 |          0           0 |    0.00|       0.00
307-                     PKT       |          0 |          0           0 |    0.00|       0.00
308- 20 DLX KING GANESH DPKT       |       8750 |       8750           0 |    0.00|       0.00
309- 20 DLX BALAJI( 10 P)PKT       |        180 |        180           0 |    0.00|       0.00
310- 24 DLX RAGURAM ( 10 PKT       |       1160 |       1160           0 |    0.00|       0.00
311- 24 DLX GANESH DURAI(PKT       |       5900 |       5900           0 |    0.00|       0.00
312- 24 DLX COCK (10P)   BOX       |        460 |        460           0 |    0.00|       0.00
313- 28 DLX RAGURAM(10 P)PKT       |       2180 |       2180           0 |    0.00|       0.00
314- 32 DLX KICK SHOT BALPKT       |        180 |        180           0 |    0.00|       0.00
315- 48 DLX RAGURAM ( 5 PPKT       |        445 |        445           0 |    0.00|       0.00
316- 50 DLX RAGURAM ( 5 PPKT       |        520 |        520           0 |    0.00|       0.00
317- 50 DLX GANESH DURAI(PKT       |       3150 |       3150           0 |    0.00|       0.00
318- 100 DLX GANESH DURAIPKT       |        215 |        215           0 |    0.00|       0.00
319-                     PKT       |          0 |          0           0 |    0.00|       0.00
320-                     PKT       |          0 |          0           0 |    0.00|       0.00
321- 4' 24 DLX THE WASP BPKT       |       1125 |       1125           0 |    0.00|       0.00
322- 4' 32 DLX THE G ROOTPKT       |        440 |        440           0 |    0.00|       0.00
323- 4' 40 DLX DOCTER STRPKT       |        875 |        875           0 |    0.00|       0.00
---------------------------------------------------------------------------------------------------------
                                            RAM FATAKA CENTER                                            
                            ITEM WISE PURCHASE SUMMRY : 01/04/2026 31/03/2027                            
Group    : ALL
---------------------------------------------------------------------------------------------------------
ITEM NAME               PACKING    |    MRP | BATCH NO |  BAL.STOCK :   CASE   PCS |    RATE|      VALUE
---------------------------------------------------------------------------------------------------------
324- 4' 50 DLX THE MARVELPKT       |        765 |        765           0 |    0.00|       0.00
325- 4' 80 DLX GUARDIANS PKT       |         72 |         72           0 |    0.00|       0.00
326- 4' 100 DLX LOVE AND PKT       |         78 |         78           0 |    0.00|       0.00
327-                               |          0 |          0           0 |    0.00|       0.00
328-                               |          0 |          0           0 |    0.00|       0.00
329- 2' PARROT AYYANAR (2PKT       |       5625 |       5625           0 |    0.00|       0.00
330- 2 3/4 KURVI DURGESH PKT       |      14275 |      14275           0 |    0.00|       0.00
331- 2 3/4 KURVI VELVAN (PKT       |       8850 |       8850           0 |    0.00|       0.00
332- 2 3/4 KURVI GEMS (25PKT       |      20275 |      20275           0 |    0.00|       0.00
333- 2 3/4 GREEN PARROT PPKT       |       8875 |       8875           0 |    0.00|       0.00
334- 2 3/4 KURVI AYYANAR PKT       |       8200 |       8200           0 |    0.00|       0.00
335-                     PKT       |          0 |          0           0 |    0.00|       0.00
336-                     PKT       |          0 |          0           0 |    0.00|       0.00
337- 3 1/2 BEN TEN DURGESPKT       |       8130 |       8130           0 |    0.00|       0.00
338- 3 1/2 JOKER SADA BAJPKT       |       2270 |       2270           0 |    0.00|       0.00
339- 3 1/2 MIX LABEL SADAPKT       |       7750 |       7750           0 |    0.00|       0.00
340- 3 1/2 GREEN PARROT PPKT       |      10600 |      10600           0 |    0.00|       0.00
341- 3 1/2 ELEPHANT I.N(1PKT       |       6290 |       6290           0 |    0.00|       0.00
342- 3 1/2 GREEN PARROT WPKT       |      21080 |      21080           0 |    0.00|       0.00
343- 3 1/2  PEACOCK 9 CM PKT       |       2460 |       2460           0 |    0.00|       0.00
344- 3 1/2 DLX KURVI GANEPKT       |       2260 |       2260           0 |    0.00|       0.00
345- 3 1/2 GREEN PARROT WPKT       |       1200 |       1200           0 |    0.00|       0.00
346- 3 1/2 JAWAN AYYAN (1PKT       |       2620 |       2620           0 |    0.00|       0.00
347-                     PKT       |          0 |          0           0 |    0.00|       0.00
348-                     PKT       |          0 |          0           0 |    0.00|       0.00
349- 4  MIX LABEL DURGESHPKT       |       4720 |       4720           0 |    0.00|       0.00
350- 4 GREEN PARROT SADA PKT       |       6980 |       6980           0 |    0.00|       0.00
351- 4 GREEN PARROT SRIPAPKT       |        590 |        590           0 |    0.00|       0.00
352- 4  LADY T/MEENA  (10PKT       |        230 |        230           0 |    0.00|       0.00
353- 4 MICKEY MOUSE BALAJPKT       |       2050 |       2050           0 |    0.00|       0.00
354- 4 GREEN PARROT VELAVPKT       |      12800 |      12800           0 |    0.00|       0.00
355- 4 ELEPHANT I.N (10 PPKT       |       1410 |       1410           0 |    0.00|       0.00
356- 4 GREEN PARROT SADA PKT       |       6550 |       6550           0 |    0.00|       0.00
357- 4  MIX LABEL AYYANARPKT       |       4320 |       4320           0 |    0.00|       0.00
358- 4 PARROT COCK (10 P)PKT       |       1110 |       1110           0 |    0.00|       0.00
359- 4 GREEN PARROT W/F VPKT       |       3000 |       3000           0 |    0.00|       0.00
360- 4 KING AYYAN (10 P) PKT       |        350 |        350           0 |    0.00|       0.00
361- 10 CM PEACOCK COLF SPKT       |       2700 |       2700           0 |    0.00|       0.00
362- 4 GREEN PARROT W/F BPKT       |       7900 |       7900           0 |    0.00|       0.00
363-                     PKT       |          0 |          0           0 |    0.00|       0.00
364-                     PKT       |          0 |          0           0 |    0.00|       0.00
365- 4 DLX DHAMAKA OTHER PKT       |          0 |          0           0 |    0.00|       0.00
366- 4 DLX HULK JAYMURGANPKT       |       3050 |       3050           0 |    0.00|       0.00
367- 4 DLX ELEPHANT I.N  PKT       |       1660 |       1660           0 |    0.00|       0.00
368- 4 DLX PARROT SADA VEPKT       |          0 |          0           0 |    0.00|       0.00
369- 4 DLX TIGER (12 PLY)PKT       |       1170 |       1170           0 |    0.00|       0.00
370- 4 DLX GREEN PARROT SPKT       |       4270 |       4270           0 |    0.00|       0.00
371- 4 DLX  DRAGON(10 PLYPKT       |        520 |        520           0 |    0.00|       0.00
372- 4 DLX PARROT W/F ( 1PKT       |       9150 |       9150           0 |    0.00|       0.00
373- 4 DLX MIX LABLE W/F PKT       |          0 |          0           0 |    0.00|       0.00
374-                     PKT       |          0 |          0           0 |    0.00|       0.00
375-                     PKT       |          0 |          0           0 |    0.00|       0.00
376-                     PKT       |          0 |          0           0 |    0.00|       0.00
377- 4 SUP DLX MIX LABEL(PKT       |       2580 |       2580           0 |    0.00|       0.00
378- 4 SUP DLX GREEN PARRPKT       |       2540 |       2540           0 |    0.00|       0.00
---------------------------------------------------------------------------------------------------------
                                            RAM FATAKA CENTER                                            
                            ITEM WISE PURCHASE SUMMRY : 01/04/2026 31/03/2027                            
Group    : ALL
---------------------------------------------------------------------------------------------------------
ITEM NAME               PACKING    |    MRP | BATCH NO |  BAL.STOCK :   CASE   PCS |    RATE|      VALUE
---------------------------------------------------------------------------------------------------------
379- 4 SUP DLX GREEN PARRPKT       |       1620 |       1620           0 |    0.00|       0.00
380- 4 SUP DLX GREEN PARRPKT       |       5925 |       5925           0 |    0.00|       0.00
381- 4 SUP DLX GREEN PARRPKT       |       1300 |       1300           0 |    0.00|       0.00
382-                     PKT       |          0 |          0           0 |    0.00|       0.00
383- 5 DLX JALLIKATTI DURPKT       |       6020 |       6020           0 |    0.00|       0.00
384- 5 DLX MOTTA CARCKERSPKT       |         75 |         75           0 |    0.00|       0.00
385- 5 DLX  ELEPHANT(10P)PKT       |       2450 |       2450           0 |    0.00|       0.00
386- 5 DLX  W/F ( 12 PLY PKT       |          0 |          0           0 |    0.00|       0.00
387- 5 DLX WARRIOR BALAJIPKT       |        970 |        970           0 |    0.00|       0.00
388- 6 DLX SPIDERMAN PADMPKT       |       1910 |       1910           0 |    0.00|       0.00
389- 6 DLX ARABIAN BALAJIPKT       |        825 |        825           0 |    0.00|       0.00
390- 6 DLX ( 12 PLY ) S.KPKT       |          0 |          0           0 |    0.00|       0.00
391- 5 DLX  (10P) ( 12 PLPKT       |       2680 |       2680           0 |    0.00|       0.00
392- 6 DLX  (10P) ( 12 PLPKT       |       1520 |       1520           0 |    0.00|       0.00
393- 4 DLX GOLD CHOTA BHEPKT       |       4690 |       4690           0 |    0.00|       0.00
394- 4 DLX GOLD TIGER SRIPKT       |       2840 |       2840           0 |    0.00|       0.00
395- 4 SUP DLX GOLD KARUDPKT       |       3125 |       3125           0 |    0.00|       0.00
396- 4 SUP DLX GOLD ELEPHPKT       |       1240 |       1240           0 |    0.00|       0.00
397-                     PKT       |          0 |          0           0 |    0.00|       0.00
398-                               |          0 |          0           0 |    0.00|       0.00
399- 2 SOUND DHAMAKA RAJHPKT       |       4590 |       4590           0 |    0.00|       0.00
400- 2 SOUND DHAMAKA NM JPKT       |         20 |         20           0 |    0.00|       0.00
401- 2 SOUND DHAMAKA ANNAPKT       |          0 |          0           0 |    0.00|       0.00
402- 2 SOUND DHAMAKA I.N.PKT       |        850 |        850           0 |    0.00|       0.00
403- 2 SOUND DHAMAKA ANILPKT       |        180 |        180           0 |    0.00|       0.00
404- 2 SOUND DHAMAKA S.T.PKT       |       2700 |       2700           0 |    0.00|       0.00
405- 2 SOUND DHAMAKA MERCPKT       |       1000 |       1000           0 |    0.00|       0.00
406-                     PKT       |          0 |          0           0 |    0.00|       0.00
407-                     PKT       |          0 |          0           0 |    0.00|       0.00
408- 3 SOUND DHAMAKA NM JPKT       |          0 |          0           0 |    0.00|       0.00
409- 3 SOUND DHAMAKA RATHPKT       |       2130 |       2130           0 |    0.00|       0.00
410- 3 SOUND DHAMAKA I.N.PKT       |        800 |        800           0 |    0.00|       0.00
411-                     PKT       |          0 |          0           0 |    0.00|       0.00
412-                     PKT       |          0 |          0           0 |    0.00|       0.00
413- 2 LXM DHAMAKA GENIUSPKT       |        700 |        700           0 |    0.00|       0.00
414-                     PKT       |          0 |          0           0 |    0.00|       0.00
415- 3 1/2 LXM DHAMAKA AYPKT       |       4500 |       4500           0 |    0.00|       0.00
416- 3 1/2 LXM DHAMAKA I.PKT       |       2380 |       2380           0 |    0.00|       0.00
417- 3 1/2 LXM DHAMAKA AMPKT       |        500 |        500           0 |    0.00|       0.00
418- 3 1/2 LXM DLX DHAMAKPKT       |        900 |        900           0 |    0.00|       0.00
419- 3 1/2 LXM DHAMAKA S.PKT       |       2400 |       2400           0 |    0.00|       0.00
420- 3 1/2 LXM DHAMAKA   PKT       |          0 |          0           0 |    0.00|       0.00
421-                     PKT       |          0 |          0           0 |    0.00|       0.00
422-                     PKT       |          0 |          0           0 |    0.00|       0.00
423- 4' LXM ONE SOUND DHAPKT       |       1500 |       1500           0 |    0.00|       0.00
424- 4' LXM ONE SOUND DHAPKT       |        400 |        400           0 |    0.00|       0.00
425- 4' LXM DHAMAKA ( 10 PKT       |          0 |          0           0 |    0.00|       0.00
426- 4' LXM DHAMAKA I.N (PKT       |       2000 |       2000           0 |    0.00|       0.00
427- 4' LXM DHAMAKA AYYANPKT       |       1900 |       1900           0 |    0.00|       0.00
428- 4' LXM DHAMAKA AYYANPKT       |       1780 |       1780           0 |    0.00|       0.00
429- 4' LXM DHAMAKA(10 CMPKT       |       1800 |       1800           0 |    0.00|       0.00
430-                     PKT       |          0 |          0           0 |    0.00|       0.00
431-                     PKT       |          0 |          0           0 |    0.00|       0.00
432- 4' DLX LXM DHAMAKA IPKT       |       1400 |       1400           0 |    0.00|       0.00
433- 4' DLX BAJ DHAMAKA TPKT       |       3900 |       3900           0 |    0.00|       0.00
---------------------------------------------------------------------------------------------------------
                                            RAM FATAKA CENTER                                            
                            ITEM WISE PURCHASE SUMMRY : 01/04/2026 31/03/2027                            
Group    : ALL
---------------------------------------------------------------------------------------------------------
ITEM NAME               PACKING    |    MRP | BATCH NO |  BAL.STOCK :   CASE   PCS |    RATE|      VALUE
---------------------------------------------------------------------------------------------------------
434- 4' DLX LXM DHAMAKA TPKT       |       1870 |       1870           0 |    0.00|       0.00
435- 4' DLX LXM DHAMAKA SPKT       |          0 |          0           0 |    0.00|       0.00
436- 4' DLX LXM DHAMAKA APKT       |          0 |          0           0 |    0.00|       0.00
437-                     PKT       |          0 |          0           0 |    0.00|       0.00
438-                     PKT       |          0 |          0           0 |    0.00|       0.00
439- 4 DLX GOLD LXM T/MEEPKT       |       1960 |       1960           0 |    0.00|       0.00
440- 4 DLX GOLD LXM AYYANPKT       |       2100 |       2100           0 |    0.00|       0.00
441-                     PKT       |          0 |          0           0 |    0.00|       0.00
442-                     PKT       |          0 |          0           0 |    0.00|       0.00
443- FLOWER POTS SMALL (1PKT       |          0 |          0           0 |    0.00|       0.00
444- FLOWER POTS SMALL RAPKT       |       1370 |       1370           0 |    0.00|       0.00
445- FLOWER POTS SMALL ARPKT       |        455 |        455           0 |    0.00|       0.00
446- FLOWER POTS SMALL MUPKT       |        590 |        590           0 |    0.00|       0.00
447-                     PKT       |          0 |          0           0 |    0.00|       0.00
448-                     PKT       |          0 |          0           0 |    0.00|       0.00
449-                     PKT       |          0 |          0           0 |    0.00|       0.00
450- FLOWER POTS BIG K.V.PKT       |       1930 |       1930           0 |    0.00|       0.00
451- FLOWER POTS BIG N.M PKT       |          0 |          0           0 |    0.00|       0.00
452- FLOWER POTS BIG T/MEPKT       |        975 |        975           0 |    0.00|       0.00
453- FLOWER POTS BIG AYYAPKT       |       1950 |       1950           0 |    0.00|       0.00
454- FLOWER POTS BIG OVEEPKT       |        870 |        870           0 |    0.00|       0.00
455- FLOWER POTS BIG MERCPKT       |        550 |        550           0 |    0.00|       0.00
456- FLOWER POTS BIG COCKPKT       |        255 |        255           0 |    0.00|       0.00
457- FLOWER POTS BIG S.T.PKT       |        360 |        360           0 |    0.00|       0.00
458-                     PKT       |          0 |          0           0 |    0.00|       0.00
459-                     PKT       |          0 |          0           0 |    0.00|       0.00
460- FLOWER POTS SPECIAL PKT       |       1750 |       1750           0 |    0.00|       0.00
461- FLOWER POTS SPECIAL PKT       |       1460 |       1460           0 |    0.00|       0.00
462- FLOWER POTS SPECIAL PKT       |       2840 |       2840           0 |    0.00|       0.00
463- FLOWER POTS SPECIAL PKT       |          0 |          0           0 |    0.00|       0.00
464- FLOWER POTS SPECIAL PKT       |        440 |        440           0 |    0.00|       0.00
465- FLOWER POTS SPECIAL PKT       |       2050 |       2050           0 |    0.00|       0.00
466- FLOWER POTS SPECIAL PKT       |       1740 |       1740           0 |    0.00|       0.00
467- FLOWER POTS SPECIAL PKT       |        750 |        750           0 |    0.00|       0.00
468- FLOWER POTS SPECIAL PKT       |       1330 |       1330           0 |    0.00|       0.00
469- FLOWER POTS SPECIAL PKT       |        360 |        360           0 |    0.00|       0.00
470- FLOWER POTS SPECIAL PKT       |        610 |        610           0 |    0.00|       0.00
471- FLOWER POTS SPECIAL PKT       |        110 |        110           0 |    0.00|       0.00
472-                     PKT       |          0 |          0           0 |    0.00|       0.00
473-                     PKT       |          0 |          0           0 |    0.00|       0.00
474- FLOWER POTS ASHOKA KPKT       |        325 |        325           0 |    0.00|       0.00
475- FLOWER POTS ASHOKA SPKT       |       1355 |       1355           0 |    0.00|       0.00
476- FLOWER POTS ASHOKA APKT       |        750 |        750           0 |    0.00|       0.00
477- FLOWER POTS ASHOKA NPKT       |          0 |          0           0 |    0.00|       0.00
478- FLOWER POTS ASHOKA TPKT       |       1965 |       1965           0 |    0.00|       0.00
479- FLOWER POTS ASHOKA SPKT       |       5195 |       5195           0 |    0.00|       0.00
480- FLOWER POTS ASHOKA OPKT       |        500 |        500           0 |    0.00|       0.00
481- FLOWER POTS ASHOKA MPKT       |       1170 |       1170           0 |    0.00|       0.00
482-                     PKT       |          0 |          0           0 |    0.00|       0.00
483-                     PKT       |          0 |          0           0 |    0.00|       0.00
484-                     PKT       |          0 |          0           0 |    0.00|       0.00
485- FLOWER POTS GAINT AYPKT       |        740 |        740           0 |    0.00|       0.00
486- FLOWER POTS GAINT I.PKT       |          0 |          0           0 |    0.00|       0.00
487- FLOWER POTS GAINT MEPKT       |       1179 |       1179           0 |    0.00|       0.00
488- FLOWER POTS GAINT COPKT       |        330 |        330           0 |    0.00|       0.00
---------------------------------------------------------------------------------------------------------
                                            RAM FATAKA CENTER                                            
                            ITEM WISE PURCHASE SUMMRY : 01/04/2026 31/03/2027                            
Group    : ALL
---------------------------------------------------------------------------------------------------------
ITEM NAME               PACKING    |    MRP | BATCH NO |  BAL.STOCK :   CASE   PCS |    RATE|      VALUE
---------------------------------------------------------------------------------------------------------
489- FLOWER POTS GAINT S.PKT       |        832 |        832           0 |    0.00|       0.00
490-                     PKT       |          0 |          0           0 |    0.00|       0.00
491- FLOWER POTS COL KOTIPKT       |        460 |        460           0 |    0.00|       0.00
492- FLOWER POTS COL KOTIPKT       |       2150 |       2150           0 |    0.00|       0.00
493- FLOWER POTS COL KOTIPKT       |        840 |        840           0 |    0.00|       0.00
494- FLOWER POTS COL KOTIPKT       |       1260 |       1260           0 |    0.00|       0.00
495- FLOWER POTS COL KOTIPKT       |       1170 |       1170           0 |    0.00|       0.00
496- FLOWER POTS COL KOTIPKT       |        674 |        674           0 |    0.00|       0.00
497-                     PKT       |          0 |          0           0 |    0.00|       0.00
498-                     PKT       |          0 |          0           0 |    0.00|       0.00
499- F. POTS COL KOTI DLXPKT       |        660 |        660           0 |    0.00|       0.00
500- FLOWER POTS DLX (10 PKT       |        471 |        471           0 |    0.00|       0.00
501- FLOWER POTS DLX (10 PKT       |        427 |        427           0 |    0.00|       0.00
502- FLOWER POTS COL KOTIPKT       |        200 |        200           0 |    0.00|       0.00
503- FLOWER POTS DLX COL PKT       |        245 |        245           0 |    0.00|       0.00
504- FLOWER POTS DLX COL PKT       |         97 |         97           0 |    0.00|       0.00
505- FLOWER POTS MEGA DLXPKT       |          5 |          5           0 |    0.00|       0.00
506- F P MEGA DLX  (10 P)PKT       |        178 |        178           0 |    0.00|       0.00
507- F P MEGA DLX GREEN BPKT       |        199 |        199           0 |    0.00|       0.00
508-                     PKT       |          0 |          0           0 |    0.00|       0.00
509-                     PKT       |          0 |          0           0 |    0.00|       0.00
510- FLOWER POT DLX (5 PCPKT       |       1091 |       1091           0 |    0.00|       0.00
511- FLOWER POT DLX (5 PCPKT       |        587 |        587           0 |    0.00|       0.00
512- FLOWER POT DLX (5 PCPKT       |        187 |        187           0 |    0.00|       0.00
513- FLOWER POTS SUP DLX PKT       |        160 |        160           0 |    0.00|       0.00
514- FLOWER POTS SUP DLX PKT       |         85 |         85           0 |    0.00|       0.00
515- FLOWER POTS RANG BARPKT       |         83 |         83           0 |    0.00|       0.00
516-                               |          0 |          0           0 |    0.00|       0.00
517- TRI COL FOUNTAIN RAJPKT       |        176 |        176           0 |    0.00|       0.00
518- TRI COL FOUNTAIN W UPKT       |        291 |        291           0 |    0.00|       0.00
519- TRI COL FOUNTAIN MERPKT       |         53 |         53           0 |    0.00|       0.00
520- TRI COL FOUNTAIN COCPKT       |         71 |         71           0 |    0.00|       0.00
521- TRI COL FOUNTAIN S.TPKT       |        200 |        200           0 |    0.00|       0.00
522- TRI COL FOUNTAIN T/MPKT       |        313 |        313           0 |    0.00|       0.00
523- F P VARNAJAL AYYAN( PKT       |        118 |        118           0 |    0.00|       0.00
524- COL FOG FOUNTAIN S.TPKT       |        372 |        372           0 |    0.00|       0.00
525- JET FOUNTAIN W S.T.DPKT       |        577 |        577           0 |    0.00|       0.00
526- KIDDY'S JOY F P 5IN PKT       |        156 |        156           0 |    0.00|       0.00
527- MINI POPPERS 5 IN 1 PKT       |        196 |        196           0 |    0.00|       0.00
528- HAPPINESS F. POT 5 IPKT       |          0 |          0           0 |    0.00|       0.00
529- TORA TORA F. POT 5 IPKT       |        179 |        179           0 |    0.00|       0.00
530- FIRE DROPS 5 COL MIXBOX       |        594 |        594           0 |    0.00|       0.00
531- KULFI STAR F POT 5 CPKT       |        345 |        345           0 |    0.00|       0.00
532- CHEERS 3 IN 1 W S.T.PKT       |        213 |        213           0 |    0.00|       0.00
533- CRACKLING FOUNTAIN SPKT       |        279 |        279           0 |    0.00|       0.00
534- JADUGAR UV.BOX AYYANPKT       |        103 |        103           0 |    0.00|       0.00
535- MANORANJAN U.V.BOX APKT       |        104 |        104           0 |    0.00|       0.00
536- CAN SHOWER BIG TIN DPKT       |       1334 |       1334           0 |    0.00|       0.00
537- CAN SHOWER TIN DABBAPKT       |         55 |         55           0 |    0.00|       0.00
538- LEMON TREE CRA FOUNTPKT       |        420 |        420           0 |    0.00|       0.00
539- GOLDEN WHISTE SMALL PKT       |        274 |        274           0 |    0.00|       0.00
540- CHOTA BHAI F P MINI PKT       |        495 |        495           0 |    0.00|       0.00
541- MINI SIREM F. POT COPKT       |         60 |         60           0 |    0.00|       0.00
542- BIG SIREM F. POT COCPKT       |         59 |         59           0 |    0.00|       0.00
543- FLY BEES MIX ( 1 P) PKT       |        173 |        173           0 |    0.00|       0.00
---------------------------------------------------------------------------------------------------------
                                            RAM FATAKA CENTER                                            
                            ITEM WISE PURCHASE SUMMRY : 01/04/2026 31/03/2027                            
Group    : ALL
---------------------------------------------------------------------------------------------------------
ITEM NAME               PACKING    |    MRP | BATCH NO |  BAL.STOCK :   CASE   PCS |    RATE|      VALUE
---------------------------------------------------------------------------------------------------------
544- SUPER STAR CRACKLINGPKT       |         78 |         78           0 |    0.00|       0.00
545-                               |          0 |          0           0 |    0.00|       0.00
546- PEACOCK DANCE VENKATPKT       |        119 |        119           0 |    0.00|       0.00
547- PEACOCK DANCE DURGESPKT       |        495 |        495           0 |    0.00|       0.00
548- PEACOCK DANCE GOLD BPKT       |         62 |         62           0 |    0.00|       0.00
549- PEACOCK DANCE (4 COLPKT       |        300 |        300           0 |    0.00|       0.00
550- SADA MATKA ANAR OTHEPCS       |       -300 |       -300           0 |    0.00|       0.00
551- MINI PEARL GUDIYA ( BOX       |         -5 |         -5           0 |    0.00|       0.00
552- TIM TIM GUDIYA ( 5 PBOX       |        650 |        650           0 |    0.00|       0.00
553- LITTLE STAR ANAR GUDBOX       |        321 |        321           0 |    0.00|       0.00
554- 2 IN 1 ANAR GUDIYA (BOX       |        170 |        170           0 |    0.00|       0.00
555- GOLDEN STAR GUDIYA  BOX       |        229 |        229           0 |    0.00|       0.00
556- ASHARFI GUDIYA ( 5 PBOX       |        235 |        235           0 |    0.00|       0.00
557- JASMINE GUDIYA ( 5PCBOX       |        221 |        221           0 |    0.00|       0.00
558- DAZZLE GUDIYA ( 5 PCBOX       |        110 |        110           0 |    0.00|       0.00
559- DELUXE GUDIYA ( 4 PCBOX       |        118 |        118           0 |    0.00|       0.00
560- GIFT BOX GUDIYA ( 4 BOX       |         75 |         75           0 |    0.00|       0.00
561- ASHARFI  GOLDEN STARBOX       |          0 |          0           0 |    0.00|       0.00
562- MUTT PUTT ANAR MERCUBOX       |          0 |          0           0 |    0.00|       0.00
563- OMG POTS ANAR MERCURBOX       |          0 |          0           0 |    0.00|       0.00
564- CROWN JEWEL'S ANAR MBOX       |          0 |          0           0 |    0.00|       0.00
565- CELEBRATION PACK ANABOX       |          0 |          0           0 |    0.00|       0.00
566-                               |          0 |          0           0 |    0.00|       0.00
567- DANCING BUTTERFLY R/PKT       |       2275 |       2275           0 |    0.00|       0.00
568- DANCING BUTTERFLY R/PKT       |       2185 |       2185           0 |    0.00|       0.00
569- DANCING BUTTERFLY AYPKT       |          0 |          0           0 |    0.00|       0.00
571- COL CHAN. BUTTERFLY PKT       |          0 |          0           0 |    0.00|       0.00
572-                     PKT       |          0 |          0           0 |    0.00|       0.00
573-                               |          0 |          0           0 |    0.00|       0.00
574- CRACKLING EXPRESS WHPKT       |       1200 |       1200           0 |    0.00|       0.00
575- MAGIC WHIP S.T.D( 2 PKT       |        390 |        390           0 |    0.00|       0.00
576- 1000 COL MAGIC WHIP BOX       |        315 |        315           0 |    0.00|       0.00
577- MERCURY FLASH MERCURPCS       |        485 |        485           0 |    0.00|       0.00
578- PHOTO FLASH VENKATESPCS       |       1498 |       1498           0 |    0.00|       0.00
579- DISCO FLASH S.T.D   PCS       |        420 |        420           0 |    0.00|       0.00
580- SKY SCRAPPER DRONE MPCS       |        190 |        190           0 |    0.00|       0.00
581- SUPER DRONE W AYYAN(PKT       |        285 |        285           0 |    0.00|       0.00
582- HELICOPTER AYYAN ( 5PKT       |        447 |        447           0 |    0.00|       0.00
583- HELICOPTER R. KRISHNPKT       |          5 |          5           0 |    0.00|       0.00
584-                     PKT       |          0 |          0           0 |    0.00|       0.00
585- HELICOPTER ANIL( 5PCPKT       |        600 |        600           0 |    0.00|       0.00
586- HELICOPTER SUNSHINE(PKT       |        260 |        260           0 |    0.00|       0.00
587-                     PKT       |          0 |          0           0 |    0.00|       0.00
588- G C BIG T/MEENA( 10 PKT       |         40 |         40           0 |    0.00|       0.00
589- G C BIG GANESH ( 10 PKT       |       1060 |       1060           0 |    0.00|       0.00
590- G C BIG JENIS(10 P)(PKT       |        870 |        870           0 |    0.00|       0.00
591- G C BIG W MERCURY(10PKT       |        306 |        306           0 |    0.00|       0.00
592- G C BIG R/G S.T.D (2PKT       |        270 |        270           0 |    0.00|       0.00
593-                     PKT       |          0 |          0           0 |    0.00|       0.00
594- G C BIG VENKATESH (2PKT       |        620 |        620           0 |    0.00|       0.00
595- G C BIG T/MEENA (25 PKT       |        878 |        878           0 |    0.00|       0.00
596- G C BIG GANESH (25 PPKT       |        212 |        212           0 |    0.00|       0.00
597-                     PKT       |          0 |          0           0 |    0.00|       0.00
598- G C ASOKA T/MEENA (1PKT       |       1560 |       1560           0 |    0.00|       0.00
599- G C ASOKA AYYANAR(10PKT       |        885 |        885           0 |    0.00|       0.00
---------------------------------------------------------------------------------------------------------
                                            RAM FATAKA CENTER                                            
                            ITEM WISE PURCHASE SUMMRY : 01/04/2026 31/03/2027                            
Group    : ALL
---------------------------------------------------------------------------------------------------------
ITEM NAME               PACKING    |    MRP | BATCH NO |  BAL.STOCK :   CASE   PCS |    RATE|      VALUE
---------------------------------------------------------------------------------------------------------
600- G C ASOKA W MERCURY(PKT       |        870 |        870           0 |    0.00|       0.00
601- G C ASOKA BIG SIZE GPKT       |       3580 |       3580           0 |    0.00|       0.00
602- G C ASOKA S.T.D (10 PKT       |       1865 |       1865           0 |    0.00|       0.00
603- G C ASOKA SPINNER W PKT       |       1905 |       1905           0 |    0.00|       0.00
604-                     PKT       |          0 |          0           0 |    0.00|       0.00
605-                     PKT       |          0 |          0           0 |    0.00|       0.00
606- G C SPL (10 P) VENKAPKT       |       1205 |       1205           0 |    0.00|       0.00
607- G C SPL (10 P) T/MEEPKT       |       2275 |       2275           0 |    0.00|       0.00
608- G C SPL (10 P) GANESPKT       |       3230 |       3230           0 |    0.00|       0.00
609- G C SPL (10 P)      PKT       |          0 |          0           0 |    0.00|       0.00
610- G C SPL (10 P)(1P)W PKT       |       1790 |       1790           0 |    0.00|       0.00
611- G C SPL (10 P)(1P) MPKT       |       1450 |       1450           0 |    0.00|       0.00
612- G C SPL W (10 P) I.NPKT       |       1470 |       1470           0 |    0.00|       0.00
613- G C SPL (10 P) (5 P)PKT       |        450 |        450           0 |    0.00|       0.00
614- 45 CM G C SPL (10 P)PKT       |       1340 |       1340           0 |    0.00|       0.00
615- G C SPL (10 P) (5 P)PKT       |        230 |        230           0 |    0.00|       0.00
616-                     PKT       |          0 |          0           0 |    0.00|       0.00
617- G C SPL SPINNER WHEEPKT       |       1035 |       1035           0 |    0.00|       0.00
618- G C SPL SPINNER WHEEPKT       |       1340 |       1340           0 |    0.00|       0.00
619- HOT WHEEL SPL I.N   PKT       |        810 |        810           0 |    0.00|       0.00
620-                     PKT       |          0 |          0           0 |    0.00|       0.00
621- G C DLX  (10 P) 5 P PKT       |        970 |        970           0 |    0.00|       0.00
622- G C DLX  (10 P) 5 P PKT       |       1290 |       1290           0 |    0.00|       0.00
623- G C DLX  (10 P) 5 P PKT       |          0 |          0           0 |    0.00|       0.00
624- G C DLX  (10 P) 5 P PKT       |         50 |         50           0 |    0.00|       0.00
625- G C DLX  (10 P) 5 P PKT       |       1450 |       1450           0 |    0.00|       0.00
626- G C DLX  W (10 P) 5 PKT       |        750 |        750           0 |    0.00|       0.00
627- G C DLX  (10 P) 5 P PKT       |        105 |        105           0 |    0.00|       0.00
628- G C DLX  (10 P) 5 P PKT       |       1785 |       1785           0 |    0.00|       0.00
629- G C DLX  (10 P) 5 P PKT       |        870 |        870           0 |    0.00|       0.00
630- G C DLX  (10 P) 5 P PKT       |       1445 |       1445           0 |    0.00|       0.00
631- 70 CM G C DLX  (10 PPKT       |        620 |        620           0 |    0.00|       0.00
632-                     PKT       |          0 |          0           0 |    0.00|       0.00
633- G C DLX  U.V. BOX (1PKT       |        790 |        790           0 |    0.00|       0.00
634- G C DLX  PLASTIC (10PKT       |        105 |        105           0 |    0.00|       0.00
635- G C DLX  SPINNER WHEPKT       |       1005 |       1005           0 |    0.00|       0.00
636- G C DLX SPINNER ( 10PKT       |        590 |        590           0 |    0.00|       0.00
637- G C DLX  SPINNER(10PPKT       |        445 |        445           0 |    0.00|       0.00
638-                     PKT       |          0 |          0           0 |    0.00|       0.00
639-                     PKT       |          0 |          0           0 |    0.00|       0.00
640- G C SUP DLX  (10 P) PKT       |          0 |          0           0 |    0.00|       0.00
641- G C SUP DLX  (10 P) PKT       |        435 |        435           0 |    0.00|       0.00
642- G C SUP DLX  (10 P) PKT       |        266 |        266           0 |    0.00|       0.00
643-                     PKT       |          0 |          0           0 |    0.00|       0.00
644- COCKTAL SPINER AYYANPKT       |        605 |        605           0 |    0.00|       0.00
645- DISCO WHEEL GAYATHRIPKT       |        123 |        123           0 |    0.00|       0.00
646- DISCO WHEEL S.M.K.(1PKT       |          0 |          0           0 |    0.00|       0.00
647- SILVER GAINT WHEEL MPKT       |        392 |        392           0 |    0.00|       0.00
648- LOTUS WHEEL I. N (5 PKT       |        200 |        200           0 |    0.00|       0.00
649- SUN FLOWER WHEEL I. PKT       |         90 |         90           0 |    0.00|       0.00
650- SUDARSHAN CHAKKAR ANPKT       |        278 |        278           0 |    0.00|       0.00
651- TWIN SPIN S.T.D(5 PCPKT       |        228 |        228           0 |    0.00|       0.00
652- MASKA CHASKA I. N ( PKT       |        337 |        337           0 |    0.00|       0.00
653- GIANT WHEEL AYYAN (5PKT       |        214 |        214           0 |    0.00|       0.00
654- LOTUS WHEEL M.K.R. (PKT       |         40 |         40           0 |    0.00|       0.00
---------------------------------------------------------------------------------------------------------
                                            RAM FATAKA CENTER                                            
                            ITEM WISE PURCHASE SUMMRY : 01/04/2026 31/03/2027                            
Group    : ALL
---------------------------------------------------------------------------------------------------------
ITEM NAME               PACKING    |    MRP | BATCH NO |  BAL.STOCK :   CASE   PCS |    RATE|      VALUE
---------------------------------------------------------------------------------------------------------
655- MUSICAL WHEEL MERCURPKT       |        253 |        253           0 |    0.00|       0.00
656- WHISTLING WHEEL COCKPKT       |        570 |        570           0 |    0.00|       0.00
657- WHIZZ WHEEL S.T.D (5PKT       |        540 |        540           0 |    0.00|       0.00
658- TITANIC WHEEL DURGESPKT       |        435 |        435           0 |    0.00|       0.00
659- TOP TUCKER AYYAN ( 5PKT       |        130 |        130           0 |    0.00|       0.00
660- MANORANJAN CHAKAR WIPKT       |        263 |        263           0 |    0.00|       0.00
661- SWASTIK WHEEL S.T.D PKT       |        173 |        173           0 |    0.00|       0.00
662- SKY  WHEEL AYYAN (5 PKT       |         75 |         75           0 |    0.00|       0.00
663- SPINNER BAMBARA LAVAPKT       |        202 |        202           0 |    0.00|       0.00
664- LOTUS WHEEL (5 PCS) PKT       |         88 |         88           0 |    0.00|       0.00
665- STAR WHEEL (10 PCS) PKT       |        115 |        115           0 |    0.00|       0.00
666- BABY ROCKET RAJ LAXMPKT       |       1750 |       1750           0 |    0.00|       0.00
667- COLOUR ROCKET AYYANAPKT       |         60 |         60           0 |    0.00|       0.00
668- RAINBOW ROCKET S.T.DPKT       |          0 |          0           0 |    0.00|       0.00
669-                     PKT       |          0 |          0           0 |    0.00|       0.00
670- PYRO DANCE BUTTERFLYPKT       |          0 |          0           0 |    0.00|       0.00
670- ROCKET BOMB (10P) 5PPKT       |          0 |          0           0 |    0.00|       0.00
671- ROCKET BOMB (10P) 5PPKT       |       1830 |       1830           0 |    0.00|       0.00
672- ROCKET BOMB (10P) 5PPKT       |       1540 |       1540           0 |    0.00|       0.00
673- ROCKET BOMB (10P) 5PPKT       |        300 |        300           0 |    0.00|       0.00
674- ROCKET BOMB (10P) 5PPKT       |          0 |          0           0 |    0.00|       0.00
675- SILVER ROCKET(10P)5PPKT       |        550 |        550           0 |    0.00|       0.00
676-                     PKT       |          0 |          0           0 |    0.00|       0.00
677- LUNIK ROCKET(NO SOUNPKT       |        654 |        654           0 |    0.00|       0.00
678- LUNIK ROCKET (10 P) PKT       |        124 |        124           0 |    0.00|       0.00
679- EXPO ROCKET (10 P) 2PKT       |        440 |        440           0 |    0.00|       0.00
680- LUNIK ROCKET (10 P) PKT       |        510 |        510           0 |    0.00|       0.00
681- LUNIK ROCKET (10 P) PKT       |          0 |          0           0 |    0.00|       0.00
682- LUNIK ROCKET (10 P) PKT       |        780 |        780           0 |    0.00|       0.00
683-                     PKT       |          0 |          0           0 |    0.00|       0.00
684- 2 SOUND ROCKET(NO SOPKT       |        668 |        668           0 |    0.00|       0.00
685- 2 SOUND ROCKET (10 PPKT       |        550 |        550           0 |    0.00|       0.00
686- 2 SOUND ROCKET (10 PPKT       |        416 |        416           0 |    0.00|       0.00
687- 2 SOUND ROCKET (10 PPKT       |          0 |          0           0 |    0.00|       0.00
688- 2 SOUND ROCKET (10 PPKT       |        544 |        544           0 |    0.00|       0.00
689- 2 SOUND ROCKET (10 PPKT       |          0 |          0           0 |    0.00|       0.00
690-                     PKT       |          0 |          0           0 |    0.00|       0.00
691- 3 SOUND ROCKET(NO SOPKT       |        688 |        688           0 |    0.00|       0.00
692- 3 SOUND ROCKET (10 PPKT       |        757 |        757           0 |    0.00|       0.00
693- 3 SOUND ROCKET (10 PPKT       |        278 |        278           0 |    0.00|       0.00
694- 3 SOUND ROCKET (10 PPKT       |        412 |        412           0 |    0.00|       0.00
695-                     PKT       |          0 |          0           0 |    0.00|       0.00
696- WHISTLING ROCKET K.MPKT       |       1171 |       1171           0 |    0.00|       0.00
697- WHISTLING ROCKET UV PKT       |        434 |        434           0 |    0.00|       0.00
698- WHISTLING ROCKET MERPKT       |         66 |         66           0 |    0.00|       0.00
699- WHISTLING ROCKET ANIPKT       |         60 |         60           0 |    0.00|       0.00
700- SILVER JET ROCKET S.PKT       |        166 |        166           0 |    0.00|       0.00
701- ROHINI ROCKET S.T.D PKT       |        142 |        142           0 |    0.00|       0.00
702- MULTI COLOUR ROCKET PKT       |        272 |        272           0 |    0.00|       0.00
703- GOLDEN WILLOW ROC.COPKT       |         30 |         30           0 |    0.00|       0.00
704- MULTI MUSIC ROCKET APKT       |         76 |         76           0 |    0.00|       0.00
705- PARACHUTE ROCKET AYYPKT       |        147 |        147           0 |    0.00|       0.00
706- PARACHUTE ROCKET S.TPKT       |          0 |          0           0 |    0.00|       0.00
707- 18 T STAR D/VADIVEL(PKT       |        270 |        270           0 |    0.00|       0.00
708- 18 T STAR SRIPATHI(1PKT       |       1670 |       1670           0 |    0.00|       0.00
---------------------------------------------------------------------------------------------------------
                                            RAM FATAKA CENTER                                            
                            ITEM WISE PURCHASE SUMMRY : 01/04/2026 31/03/2027                            
Group    : ALL
---------------------------------------------------------------------------------------------------------
ITEM NAME               PACKING    |    MRP | BATCH NO |  BAL.STOCK :   CASE   PCS |    RATE|      VALUE
---------------------------------------------------------------------------------------------------------
709- 18 T STAR T/MEENA (1PKT       |       1180 |       1180           0 |    0.00|       0.00
710- 48 T STAR (10P) SRIPPKT       |       2150 |       2150           0 |    0.00|       0.00
711- 120 T STAR S.T.D (10PKT       |        240 |        240           0 |    0.00|       0.00
712-                     PKT       |          0 |          0           0 |    0.00|       0.00
713-                     PKT       |          0 |          0           0 |    0.00|       0.00
714- JIL JIL 1X10 PEC=1 BPKT       |        466 |        466           0 |    0.00|       0.00
715- JIL JIL 1X10 PEC=1 BPKT       |        173 |        173           0 |    0.00|       0.00
716- JIL JIL 1X10 PEC=1BOPKT       |        118 |        118           0 |    0.00|       0.00
717- JIL JIL 1X10 PEC=1BOPKT       |         23 |         23           0 |    0.00|       0.00
718-                     PKT       |          0 |          0           0 |    0.00|       0.00
719- 7 CM PENCIL VIRBALAJPKT       |        720 |        720           0 |    0.00|       0.00
720- 7 CM PENCIL T/MEENA PKT       |       1280 |       1280           0 |    0.00|       0.00
721- 10 CM PENCIL VIRBALAPKT       |        420 |        420           0 |    0.00|       0.00
722- 10 CM PENCIL T/MEENAPKT       |        590 |        590           0 |    0.00|       0.00
723- 12 CM PENCIL VIRBALAPKT       |        730 |        730           0 |    0.00|       0.00
724- 15 CM PENCIL VIRBALAPKT       |        240 |        240           0 |    0.00|       0.00
725- 18 CM PENCIL VIRBALAPKT       |        375 |        375           0 |    0.00|       0.00
726-                     PKT       |          0 |          0           0 |    0.00|       0.00
727-                     PKT       |          0 |          0           0 |    0.00|       0.00
728- CORONATION CANDLE B.PKT       |        105 |        105           0 |    0.00|       0.00
729- MULTI COLOUR CANDLE PKT       |        385 |        385           0 |    0.00|       0.00
730- WHISTLING PIPER SONYPKT       |         36 |         36           0 |    0.00|       0.00
731- CHENDA MELAM AYYAN( PKT       |         95 |         95           0 |    0.00|       0.00
732- HAND SHOWER MARIESWAPKT       |        239 |        239           0 |    0.00|       0.00
733- SUPERB TORCH  2 PCS)PKT       |        220 |        220           0 |    0.00|       0.00
734-                               |          0 |          0           0 |    0.00|       0.00
735- BULLET BOMB MINI SRIPKT       |       7680 |       7680           0 |    0.00|       0.00
736- MINI BULLET BOMB T/MPKT       |       3410 |       3410           0 |    0.00|       0.00
737- BULLET BOMB MINI SRIPKT       |       3690 |       3690           0 |    0.00|       0.00
738- BULLET BOMB MEDIUM TPKT       |       2460 |       2460           0 |    0.00|       0.00
739- BULLET BOMB MEDIUM APKT       |       3900 |       3900           0 |    0.00|       0.00
740- SUPER BULLET BOMB AYPKT       |        960 |        960           0 |    0.00|       0.00
741- BULLET BOMB GANESH (PKT       |       1800 |       1800           0 |    0.00|       0.00
742- BULLET BOMB BIG DLX PKT       |       2100 |       2100           0 |    0.00|       0.00
743- SUPER BULLET BOMB ( PKT       |        800 |        800           0 |    0.00|       0.00
744-                     PKT       |          0 |          0           0 |    0.00|       0.00
745- SADDAM BOMB A1      PKT       |       4580 |       4580           0 |    0.00|       0.00
746- SADDAM BOMB AUGUST RPKT       |      26680 |      26680           0 |    0.00|       0.00
747- SADDAM BOMB AUGUST RPKT       |      21200 |      21200           0 |    0.00|       0.00
748- SADDAM BOMB SEPTMBERPKT       |          0 |          0           0 |    0.00|       0.00
749- SADDAM BOMB OCTOMBERPKT       |          0 |          0           0 |    0.00|       0.00
750- SADDAM BOMB NOVEMBERPKT       |          0 |          0           0 |    0.00|       0.00
751- SOLDIER BOMB GREEN WPKT       |       1890 |       1890           0 |    0.00|       0.00
752- JHANSI BOMB GREEN W/PKT       |        720 |        720           0 |    0.00|       0.00
753- L. B. BOMB GREEN W/FPKT       |        975 |        975           0 |    0.00|       0.00
754- LALKAR BOMB GREEN W/PKT       |       3810 |       3810           0 |    0.00|       0.00
755- LALKAR BOMB FOIL W/FPKT       |          0 |          0           0 |    0.00|       0.00
756-                     PKT       |          0 |          0           0 |    0.00|       0.00
757-                     PKT       |          0 |          0           0 |    0.00|       0.00
758- CHOTE SARKAR BOMB GRPKT       |          0 |          0           0 |    0.00|       0.00
759- BHUCHAL BOMB SHAKTI PKT       |        680 |        680           0 |    0.00|       0.00
760- THUNDER BOMB GREEN (PKT       |        450 |        450           0 |    0.00|       0.00
761- MAHAKAL BOMB SHAKTI PKT       |        560 |        560           0 |    0.00|       0.00
762- MARSHAL BLACK BOMB GPKT       |       2930 |       2930           0 |    0.00|       0.00
763- V.I.P BOMB GREEN S.QPKT       |       1580 |       1580           0 |    0.00|       0.00
---------------------------------------------------------------------------------------------------------
                                            RAM FATAKA CENTER                                            
                            ITEM WISE PURCHASE SUMMRY : 01/04/2026 31/03/2027                            
Group    : ALL
---------------------------------------------------------------------------------------------------------
ITEM NAME               PACKING    |    MRP | BATCH NO |  BAL.STOCK :   CASE   PCS |    RATE|      VALUE
---------------------------------------------------------------------------------------------------------
764- ANDHI TOOFAN GREEN SPKT       |          0 |          0           0 |    0.00|       0.00
765-                     PKT       |          0 |          0           0 |    0.00|       0.00
766-                     PKT       |          0 |          0           0 |    0.00|       0.00
767-                     PKT       |          0 |          0           0 |    0.00|       0.00
768- TOP TIGER 1 NO FANCYPKT       |        260 |        260           0 |    0.00|       0.00
769- TOP TIGER 4 NO FANCYPKT       |        390 |        390           0 |    0.00|       0.00
770- SHER SHIKAR 4 NO FANPKT       |          0 |          0           0 |    0.00|       0.00
771- TOP TIGER 5 NO FANCYPKT       |          0 |          0           0 |    0.00|       0.00
772- TOP TIGER 6 NO FANCYPKT       |       1680 |       1680           0 |    0.00|       0.00
773- SHER SHIKAR 6 NO FANPKT       |        320 |        320           0 |    0.00|       0.00
774- SIMBA 6 NO FANCY F.WPKT       |       2250 |       2250           0 |    0.00|       0.00
775- SHER SHIKAR GOLD 6 NPKT       |        240 |        240           0 |    0.00|       0.00
776- JUNGLE TOP TIGER GOLPKT       |        220 |        220           0 |    0.00|       0.00
777- LADEN BOMB 6 NO B. RPKT       |      10240 |      10240           0 |    0.00|       0.00
778-                     PKT       |          0 |          0           0 |    0.00|       0.00
779-                     PKT       |          0 |          0           0 |    0.00|       0.00
780-                     PKT       |          0 |          0           0 |    0.00|       0.00
781-                     PKT       |          0 |          0           0 |    0.00|       0.00
782- 100 LAR JAYEM       PKT       |        630 |        630           0 |    0.00|       0.00
783- 200 LAR JAYEM       PKT       |        360 |        360           0 |    0.00|       0.00
784- 300 LAR JAYEM       BOX       |        270 |        270           0 |    0.00|       0.00
785- 600 LAR JAYEM       BOX       |        560 |        560           0 |    0.00|       0.00
786-                     BOX       |          0 |          0           0 |    0.00|       0.00
787- 1000 WALA LAR KALUGUBOX       |        679 |        679           0 |    0.00|       0.00
788- 1000 WALA LAR JAYEM BOX       |        990 |        990           0 |    0.00|       0.00
789- 1000 WALA LAR JAYEM BOX       |          0 |          0           0 |    0.00|       0.00
790- 1000 WALA LAR JAYEM BOX       |          0 |          0           0 |    0.00|       0.00
791- 1000 WALA LAR JAYEM BOX       |          0 |          0           0 |    0.00|       0.00
792- 1000 WALA LAR U.V.BOBOX       |        336 |        336           0 |    0.00|       0.00
793- 1000 WALA LAR U.V.BOBOX       |        855 |        855           0 |    0.00|       0.00
794- 1000 WALA LAR UV.BOXBOX       |        345 |        345           0 |    0.00|       0.00
795- 1000 WALA LAR FULL CBOX       |        634 |        634           0 |    0.00|       0.00
796- 1000 WALA LAR FULL CBOX       |          0 |          0           0 |    0.00|       0.00
797- 1000 WALA LAR FULL CBOX       |          0 |          0           0 |    0.00|       0.00
798- 1000 WALA LAR FUSE CBOX       |        286 |        286           0 |    0.00|       0.00
799-                     BOX       |          0 |          0           0 |    0.00|       0.00
800-                     BOX       |          0 |          0           0 |    0.00|       0.00
801-                     BOX       |          0 |          0           0 |    0.00|       0.00
802- 2000 WALA LAR KALUGUBOX       |        383 |        383           0 |    0.00|       0.00
803- 2000 WALA LAR ( 400 BOX       |        606 |        606           0 |    0.00|       0.00
804- 2000 WALA LAR ( 400)BOX       |          0 |          0           0 |    0.00|       0.00
805- 2000 WALA LAR ( 400)BOX       |          0 |          0           0 |    0.00|       0.00
806- 2000 WALA LAR ( 400)BOX       |          0 |          0           0 |    0.00|       0.00
807- 2000 WALA LAR ANBARSBOX       |         52 |         52           0 |    0.00|       0.00
808- 2000 WALA LAR GAJA  BOX       |        463 |        463           0 |    0.00|       0.00
809- 2000 WALA LAR FULL CBOX       |        215 |        215           0 |    0.00|       0.00
810- 2000 WALA LAR FULL CBOX       |          0 |          0           0 |    0.00|       0.00
811- 2000 WALA LAR FULL CBOX       |          0 |          0           0 |    0.00|       0.00
812- 2000 WALA LAR FUSE-FBOX       |        160 |        160           0 |    0.00|       0.00
813-                     BOX       |          0 |          0           0 |    0.00|       0.00
814-                     BOX       |          0 |          0           0 |    0.00|       0.00
815-                     BOX       |          0 |          0           0 |    0.00|       0.00
816- 5000 WALA LAR KALUGUBOX       |         40 |         40           0 |    0.00|       0.00
817- 5000 WALA LAR ( 400 BOX       |        125 |        125           0 |    0.00|       0.00
818- 5000 WALA LAR ( 400)BOX       |          0 |          0           0 |    0.00|       0.00
---------------------------------------------------------------------------------------------------------
                                            RAM FATAKA CENTER                                            
                            ITEM WISE PURCHASE SUMMRY : 01/04/2026 31/03/2027                            
Group    : ALL
---------------------------------------------------------------------------------------------------------
ITEM NAME               PACKING    |    MRP | BATCH NO |  BAL.STOCK :   CASE   PCS |    RATE|      VALUE
---------------------------------------------------------------------------------------------------------
819- 5000 WALA LAR ( 400)BOX       |          0 |          0           0 |    0.00|       0.00
820- 5000 WALA LAR ( 400)BOX       |          0 |          0           0 |    0.00|       0.00
821- 5000 WALA LAR GRAND BOX       |         36 |         36           0 |    0.00|       0.00
822- 5000 WALA LAR U.V.BOBOX       |         77 |         77           0 |    0.00|       0.00
823- 5000 WALA LAR U.V.BOBOX       |          0 |          0           0 |    0.00|       0.00
824- 5000 WALA LAR FULL CBOX       |         -6 |         -6           0 |    0.00|       0.00
825- 5000 WALA LAR FUSE UBOX       |          0 |          0           0 |    0.00|       0.00
826- 5000 WALA LAR FUSE ABOX       |          3 |          3           0 |    0.00|       0.00
827-                     BOX       |          0 |          0           0 |    0.00|       0.00
828-                     BOX       |          0 |          0           0 |    0.00|       0.00
829-                     BOX       |          0 |          0           0 |    0.00|       0.00
830- 10000 WALA LAR U.V.BBOX       |         34 |         34           0 |    0.00|       0.00
831- 10000 WALA LAR JAYEMBOX       |         24 |         24           0 |    0.00|       0.00
832- 10000 WALA LAR( 400 BOX       |          0 |          0           0 |    0.00|       0.00
833- 10000 WALA LAR( 400)BOX       |          0 |          0           0 |    0.00|       0.00
834- 10000 WALA LAR(400) BOX       |          0 |          0           0 |    0.00|       0.00
835- 10000 WALA LAR FULL BOX       |          0 |          0           0 |    0.00|       0.00
836- 10000 WALA LAR FULL BOX       |          0 |          0           0 |    0.00|       0.00
837- 10000 WALA LAR S.T.DBOX       |          0 |          0           0 |    0.00|       0.00
838-                     BOX       |          0 |          0           0 |    0.00|       0.00
839-                     BOX       |          0 |          0           0 |    0.00|       0.00
840- 6 SHOTS BIG ROYAL-SABOX       |         27 |         27           0 |    0.00|       0.00
841- 7 SHOTS OTHER(5 PCS)BOX       |       1005 |       1005           0 |    0.00|       0.00
842- 7 SHOTS J.K (5 PCS) BOX       |          0 |          0           0 |    0.00|       0.00
843- 7 SHOTS MERCURY (5 PBOX       |        120 |        120           0 |    0.00|       0.00
844- 7 SHOTS I.N (5 PCS) BOX       |        398 |        398           0 |    0.00|       0.00
845- 7 SHOTS ANIL (5 PCS)BOX       |        358 |        358           0 |    0.00|       0.00
846- 7 SHOTS             BOX       |          0 |          0           0 |    0.00|       0.00
847-                     BOX       |          0 |          0           0 |    0.00|       0.00
848- 7 SHOTS OTHER (10 PCBOX       |          0 |          0           0 |    0.00|       0.00
849-                     BOX       |        200 |        200           0 |    0.00|       0.00
850- 7 SHOTS I. N.(10 PCSBOX       |         40 |         40           0 |    0.00|       0.00
851- 7 SHOTS MERCURY(10 PBOX       |         64 |         64           0 |    0.00|       0.00
852- 7 SHOTS SIGNAL ROCKEBOX       |          0 |          0           0 |    0.00|       0.00
853-                     BOX       |          0 |          0           0 |    0.00|       0.00
854- 12 SHOTS R/G RIDER UBOX       |       3215 |       3215           0 |    0.00|       0.00
855- 12 SHOTS SQ. R/G RIDBOX       |          0 |          0           0 |    0.00|       0.00
856- 12 SHOTS SQ. R/G U.VBOX       |         26 |         26           0 |    0.00|       0.00
857- 12 SHOTS  SQ. R/G RIBOX       |        147 |        147           0 |    0.00|       0.00
858- 12 SHOTS  SQ. R/G RIBOX       |         91 |         91           0 |    0.00|       0.00
859- 12 SHOTS  SQ. COL COBOX       |         22 |         22           0 |    0.00|       0.00
860- 12 SHOTS CRACKLING  BOX       |          0 |          0           0 |    0.00|       0.00
861-                     BOX       |          0 |          0           0 |    0.00|       0.00
862- 12 SHOTS M.COL SQUARBOX       |       2179 |       2179           0 |    0.00|       0.00
863- 12 SHOTS M.COL U.V.SBOX       |       1380 |       1380           0 |    0.00|       0.00
864- 12 SHOTS M.COL BIG BBOX       |        769 |        769           0 |    0.00|       0.00
865- 12 SHOTS M.COL HEXA BOX       |        450 |        450           0 |    0.00|       0.00
866- 12 SHOTS M.COL      BOX       |          0 |          0           0 |    0.00|       0.00
867-                     BOX       |          0 |          0           0 |    0.00|       0.00
868-                     BOX       |          0 |          0           0 |    0.00|       0.00
869- 15 SHOTS M. COL. LONBOX       |         99 |         99           0 |    0.00|       0.00
870- 15 SHOTS M.COL. LONGBOX       |        -25 |        -25           0 |    0.00|       0.00
871- 15 SHOTS M.COL. LONGBOX       |          0 |          0           0 |    0.00|       0.00
872-                     BOX       |          0 |          0           0 |    0.00|       0.00
873- 16 SHOT R/G MINES SUBOX       |        100 |        100           0 |    0.00|       0.00
---------------------------------------------------------------------------------------------------------
                                            RAM FATAKA CENTER                                            
                            ITEM WISE PURCHASE SUMMRY : 01/04/2026 31/03/2027                            
Group    : ALL
---------------------------------------------------------------------------------------------------------
ITEM NAME               PACKING    |    MRP | BATCH NO |  BAL.STOCK :   CASE   PCS |    RATE|      VALUE
---------------------------------------------------------------------------------------------------------
874- 20 SHOTS M. COL.JOLLBOX       |         74 |         74           0 |    0.00|       0.00
875-                     BOX       |          0 |          0           0 |    0.00|       0.00
876- 25 SHOTS SQUARE(AI) BOX       |        525 |        525           0 |    0.00|       0.00
877- 25 SHOTS SQUARE U.V.BOX       |        535 |        535           0 |    0.00|       0.00
878- 25 SHOTS  LONG U.V.BBOX       |        275 |        275           0 |    0.00|       0.00
879- 25 SHOTS  LONG DREAMBOX       |        583 |        583           0 |    0.00|       0.00
880-                     BOX       |          0 |          0           0 |    0.00|       0.00
881- 25 SHOTS M.COL LITTLBOX       |         87 |         87           0 |    0.00|       0.00
882- 25 SHOTS M.COL MAN PBOX       |        328 |        328           0 |    0.00|       0.00
883-                     BOX       |          0 |          0           0 |    0.00|       0.00
884- 25 SHOTS LONG BOX M.BOX       |          5 |          5           0 |    0.00|       0.00
885- 25 SHOTS LONG BOX M.BOX       |          0 |          0           0 |    0.00|       0.00
886- 25 SHOTS LONG BOX M.BOX       |          6 |          6           0 |    0.00|       0.00
887- 25 SHOTS LONG BOX M.BOX       |        119 |        119           0 |    0.00|       0.00
888- 25 SHOTS LONG BOX LIBOX       |         21 |         21           0 |    0.00|       0.00
889- 25 SHOTS LONG BOX TRBOX       |         17 |         17           0 |    0.00|       0.00
890-                     BOX       |          0 |          0           0 |    0.00|       0.00
891- 30 SHOTS M. COL.U.V.BOX       |        811 |        811           0 |    0.00|       0.00
892- 30 SHOTS M. COL. GURBOX       |        308 |        308           0 |    0.00|       0.00
893- 30 SHOTS M. COL. U VBOX       |         69 |         69           0 |    0.00|       0.00
894- 30 SHOTS M.COL. U V BOX       |        135 |        135           0 |    0.00|       0.00
895- 30 SHOTS M. COL. U VBOX       |          0 |          0           0 |    0.00|       0.00
896- 30 SHOTS M. COL. U VBOX       |        499 |        499           0 |    0.00|       0.00
897- 30 SHOTS M. COL. LAZBOX       |        432 |        432           0 |    0.00|       0.00
898- 30 SHOTS M. COL.    BOX       |          0 |          0           0 |    0.00|       0.00
899- 30 SHOTS M. COL. AYYBOX       |        265 |        265           0 |    0.00|       0.00
900-                     BOX       |          0 |          0           0 |    0.00|       0.00
901- 30 SHOTS M. COL. + CBOX       |        350 |        350           0 |    0.00|       0.00
902- 30 SHOTS M. COL. COCBOX       |         68 |         68           0 |    0.00|       0.00
903- 30 SHOTS M. COL. MERBOX       |        120 |        120           0 |    0.00|       0.00
904- 30 SHOTS M. COL. S. BOX       |         83 |         83           0 |    0.00|       0.00
905- 30 SHOTS 2 COLOUR S.BOX       |        450 |        450           0 |    0.00|       0.00
906- 30 SHOTS M. COL.    BOX       |          0 |          0           0 |    0.00|       0.00
907-                     BOX       |          0 |          0           0 |    0.00|       0.00
908- 50 SHOTS M. COL. SQUBOX       |        260 |        260           0 |    0.00|       0.00
909-                     BOX       |          0 |          0           0 |    0.00|       0.00
910- 50 SHOTS LONG DISCO BOX       |         19 |         19           0 |    0.00|       0.00
911- 50 SHOT LONG WINSTARBOX       |        294 |        294           0 |    0.00|       0.00
912-                     BOX       |          0 |          0           0 |    0.00|       0.00
913-                     BOX       |          0 |          0           0 |    0.00|       0.00
914-                     BOX       |          0 |          0           0 |    0.00|       0.00
915- 50 SHOTS M.COL.SQ. DBOX       |         80 |         80           0 |    0.00|       0.00
916- 50 SHOTS LONG SHADESBOX       |          0 |          0           0 |    0.00|       0.00
917- 50 SHOTS M.COL. LONGBOX       |         36 |         36           0 |    0.00|       0.00
918-                     BOX       |          0 |          0           0 |    0.00|       0.00
919- 60 SHOTS M. COL PENCBOX       |         56 |         56           0 |    0.00|       0.00
920- 60 SHOTS M. COL U.V.BOX       |         66 |         66           0 |    0.00|       0.00
921- 60 SHOTS M. COL U.V.BOX       |        282 |        282           0 |    0.00|       0.00
922- 60 SHOTS M. COL U.V.BOX       |          0 |          0           0 |    0.00|       0.00
923- 60 SHOTS M. COL U.V.BOX       |          0 |          0           0 |    0.00|       0.00
924- 60 SHOTS M. COL U.V.BOX       |         93 |         93           0 |    0.00|       0.00
925- 60 SHOTS M. COL U.V.BOX       |        222 |        222           0 |    0.00|       0.00
926- 60 SHOTS M. COL     BOX       |          0 |          0           0 |    0.00|       0.00
927- 60 SHOTS M. COL AYYABOX       |         99 |         99           0 |    0.00|       0.00
928- 60 SHOTS M. COL + CRBOX       |          0 |          0           0 |    0.00|       0.00
---------------------------------------------------------------------------------------------------------
                                            RAM FATAKA CENTER                                            
                            ITEM WISE PURCHASE SUMMRY : 01/04/2026 31/03/2027                            
Group    : ALL
---------------------------------------------------------------------------------------------------------
ITEM NAME               PACKING    |    MRP | BATCH NO |  BAL.STOCK :   CASE   PCS |    RATE|      VALUE
---------------------------------------------------------------------------------------------------------
929- 60 SHOTS M. COL MERCBOX       |         18 |         18           0 |    0.00|       0.00
930- 60 SHOTS M. COL COCKBOX       |         29 |         29           0 |    0.00|       0.00
931- 60 SHOTS M. COL MIX BOX       |         39 |         39           0 |    0.00|       0.00
932- 60 SHOTS M. COL 30-3BOX       |         36 |         36           0 |    0.00|       0.00
933- 60 SHOTS M. COL U.V.BOX       |         18 |         18           0 |    0.00|       0.00
934-                     BOX       |          0 |          0           0 |    0.00|       0.00
935-                     BOX       |          0 |          0           0 |    0.00|       0.00
936-                     BOX       |          0 |          0           0 |    0.00|       0.00
937- 80 SHOTS 3 COL. SQUABOX       |          2 |          2           0 |    0.00|       0.00
938- 80 SHOTS M. COL. SUNBOX       |         27 |         27           0 |    0.00|       0.00
939- 100 SHOT CRACKLING LBOX       |         48 |         48           0 |    0.00|       0.00
940-                     BOX       |          0 |          0           0 |    0.00|       0.00
941- 100 SHOT M. COL. U.VBOX       |         96 |         96           0 |    0.00|       0.00
942- 100 SHOT M. COL. U.VBOX       |          0 |          0           0 |    0.00|       0.00
943- 100 SHOT M.COL. U.V.BOX       |         30 |         30           0 |    0.00|       0.00
944- 100 SHOT M. COL. ANIBOX       |          8 |          8           0 |    0.00|       0.00
945- 100 SHOTS M. COL. MEBOX       |         24 |         24           0 |    0.00|       0.00
946- 100 SHOTS M. COL. S.BOX       |         48 |         48           0 |    0.00|       0.00
947- 100 SHOTS M. COL. SUBOX       |         32 |         32           0 |    0.00|       0.00
948- 100 SHOTS 1 1/4 PIPEBOX       |         10 |         10           0 |    0.00|       0.00
949- 100 SHOTS SIREN SINGBOX       |          6 |          6           0 |    0.00|       0.00
950- 100 SHOT M.COL. LONGBOX       |          9 |          9           0 |    0.00|       0.00
951-                     BOX       |          0 |          0           0 |    0.00|       0.00
952-                     BOX       |          0 |          0           0 |    0.00|       0.00
953- 120 SHOTS M. COL U.VBOX       |         21 |         21           0 |    0.00|       0.00
954- 120 SHOTS M. COL PENBOX       |         24 |         24           0 |    0.00|       0.00
955- 120 SHOTS M. COL VETBOX       |         45 |         45           0 |    0.00|       0.00
956- 120 SHOTS M. COL R.GBOX       |          0 |          0           0 |    0.00|       0.00
957-                     BOX       |          0 |          0           0 |    0.00|       0.00
958- 120 SHOTS M. COL V.GBOX       |         -3 |         -3           0 |    0.00|       0.00
959- 120 SHOTS M. COL AYYBOX       |         18 |         18           0 |    0.00|       0.00
960- 120 SHOTS M. COL + CBOX       |          0 |          0           0 |    0.00|       0.00
961- 120 SHOTS M. COL  MIBOX       |         44 |         44           0 |    0.00|       0.00
962- 120 SHOTS ENJOY FUN BOX       |         18 |         18           0 |    0.00|       0.00
963- 120 SHOTS STAR SHOW BOX       |         22 |         22           0 |    0.00|       0.00
964- 120 SHOTS RANG DE BABOX       |         12 |         12           0 |    0.00|       0.00
965- 120 SHOTS TRANSFORMEBOX       |         42 |         42           0 |    0.00|       0.00
966-                     BOX       |          0 |          0           0 |    0.00|       0.00
967-                     BOX       |          0 |          0           0 |    0.00|       0.00
968- 160 SHOTS ROAD SHOW BOX       |          5 |          5           0 |    0.00|       0.00
969- 200 SHOTS M. COL N.SBOX       |          8 |          8           0 |    0.00|       0.00
970-                     BOX       |          0 |          0           0 |    0.00|       0.00
971- 240 SHOTS M. COL PENBOX       |          2 |          2           0 |    0.00|       0.00
972- 240 SHOTS M.COL U.V.BOX       |          2 |          2           0 |    0.00|       0.00
973- 240 SHOTS M. COL V.GBOX       |          0 |          0           0 |    0.00|       0.00
974- 240 SHOTS M. COL AYYBOX       |          4 |          4           0 |    0.00|       0.00
975- 240 SHOTS M. COL COCBOX       |          8 |          8           0 |    0.00|       0.00
976- 240 SHOTS M. COL BADBOX       |          3 |          3           0 |    0.00|       0.00
977- 240 SHOTS M. COL HOOBOX       |          3 |          3           0 |    0.00|       0.00
978- 240 SHOTS ROMANCE I.BOX       |          4 |          4           0 |    0.00|       0.00
979- 240 SHOTS RAINBOW DABOX       |          3 |          3           0 |    0.00|       0.00
980- 240 SHOTS CLASSIC NIBOX       |          4 |          4           0 |    0.00|       0.00
981- 240 SHOTS ENJOY I.N BOX       |          4 |          4           0 |    0.00|       0.00
982- 240 SHOTS ARABIAN DEBOX       |          4 |          4           0 |    0.00|       0.00
983- 250 SHOTS PARADISE SBOX       |          6 |          6           0 |    0.00|       0.00
---------------------------------------------------------------------------------------------------------
                                            RAM FATAKA CENTER                                            
                            ITEM WISE PURCHASE SUMMRY : 01/04/2026 31/03/2027                            
Group    : ALL
---------------------------------------------------------------------------------------------------------
ITEM NAME               PACKING    |    MRP | BATCH NO |  BAL.STOCK :   CASE   PCS |    RATE|      VALUE
---------------------------------------------------------------------------------------------------------
984-                     BOX       |          0 |          0           0 |    0.00|       0.00
985-                     BOX       |          0 |          0           0 |    0.00|       0.00
986- 500 SHOTS M. COL MERBOX       |          0 |          0           0 |    0.00|       0.00
987- 500 SHOTS M. COL I. BOX       |          0 |          0           0 |    0.00|       0.00
988- 500 SHOTS M. COL S.TBOX       |          0 |          0           0 |    0.00|       0.00
989- 500 SHOTS M. COL AYYBOX       |          1 |          1           0 |    0.00|       0.00
990- 510 SHOTS M. COL GONBOX       |          1 |          1           0 |    0.00|       0.00
991- 1 3/4 25 SHOT 5 DIEFBOX       |          6 |          6           0 |    0.00|       0.00
992- 2' PIPE 30 SHOT M. CBOX       |          8 |          8           0 |    0.00|       0.00
993- 1/2 PIPE 50 SHOT'S BBOX       |          2 |          2           0 |    0.00|       0.00
994- 30 SHOT PEACOCK DANCBOX       |         12 |         12           0 |    0.00|       0.00
995- 3 X 12 VANDE MATARAMBOX       |          4 |          4           0 |    0.00|       0.00
996- 10 X 30 VOLCANO SONNBOX       |          6 |          6           0 |    0.00|       0.00
997- 100 SHOT'S 10X10 SIZBOX       |          4 |          4           0 |    0.00|       0.00
998- 100 SHOT'S 10X10 PEABOX       |          2 |          2           0 |    0.00|       0.00
999- 100 SHOT'S 10X10 TAIBOX       |          0 |          0           0 |    0.00|       0.00
W 1 1/4 POGO MIXED ( 10 PBOX       |         -1 |         -1           0 |    0.00|       0.00
W 10 SHOTS M.COL.MIX I.N BOX       |         -5 |         -5           0 |    0.00|       0.00
W 100 SHOT 10 X 10 FAN CABOX       |          0 |          0           0 |    0.00|       0.00
W 100 SHOT 10 X 10 NIGHT BOX       |          0 |          0           0 |    0.00|       0.00
W 100 SHOT 10 X 10 PEACOCBOX       |          0 |          0           0 |    0.00|       0.00
W 100 SHOT 10 X 10 SHOTS BOX       |          0 |          0           0 |    0.00|       0.00
W 100 SHOT 10 X 10 SIZZLIBOX       |         -1 |         -1           0 |    0.00|       0.00
W 100 SHOT 10 X 10 TAIL LBOX       |         -1 |         -1           0 |    0.00|       0.00
W 100 SHOT 10 X 10 TAIL LBOX       |         -2 |         -2           0 |    0.00|       0.00
W 100 SHOTS CRACK SAJ    BOX       |          0 |          0           0 |    0.00|       0.00
W 100 SHOTS M.COL BIG SAGBOX       |          0 |          0           0 |    0.00|       0.00
W 100 SHOTS M.COL FUN JOYBOX       |         -1 |         -1           0 |    0.00|       0.00
W 100 SHOTS M.COL MERCURYBOX       |          0 |          0           0 |    0.00|       0.00
W 100 SHOTS M.COL OTHER  BOX       |          0 |          0           0 |    0.00|       0.00
W 100 SHOTS M.COL S.T.D  BOX       |          0 |          0           0 |    0.00|       0.00
W 100 SHOTS M.COL SINGINGBOX       |          0 |          0           0 |    0.00|       0.00
W 100 SHOTS M.COL ULTRA DBOX       |          0 |          0           0 |    0.00|       0.00
W 100 SHOTS M.COL. U V BOPKT       |         28 |         28           0 |    0.00|       0.00
W 1000 LAR (600 COUNTING)PKT       |        -24 |        -24           0 |    0.00|       0.00
W 1000 LAR (800 COUNTING)BOX       |        -15 |        -15           0 |    0.00|       0.00
W 1000 LAR AYYANAR       PKT       |        140 |        140           0 |    0.00|       0.00
W 1000 LAR CLASSIC MUGUNTPKT       |       -138 |       -138           0 |    0.00|       0.00
W 1000 LAR EVEREST       BOX       |          0 |          0           0 |    0.00|       0.00
W 1000 LAR EVEREST       BOX       |          0 |          0           0 |    0.00|       0.00
W 1000 LAR HALF ANBARSI  PKT       |        398 |        398           0 |    0.00|       0.00
W 1000 LAR JAYEM         BOX       |       -250 |       -250           0 |    0.00|       0.00
W 1000 LAR KALUGU        BOX       |        -10 |        -10           0 |    0.00|       0.00
W 1000 LAR NEW JAYEM     BOX       |       -420 |       -420           0 |    0.00|       0.00
W 1000 LAR TAJ( FULL COUNBOX       |        -24 |        -24           0 |    0.00|       0.00
W 1000 LAR TAJ/SELVIS    BOX       |        -39 |        -39           0 |    0.00|       0.00
W 1000 LAR UV BOX FULL COBOX       |        -77 |        -77           0 |    0.00|       0.00
W 10000 LAR BIG FULL COUNBOX       |          0 |          0           0 |    0.00|       0.00
W 10000 LAR FULL COUNTINGBOX       |          0 |          0           0 |    0.00|       0.00
W 10000 LAR FUSE FULL COUBOX       |          0 |          0           0 |    0.00|       0.00
W 10000 LAR FUSE FULL COUBOX       |          0 |          0           0 |    0.00|       0.00
W 10000 LAR FUSE FULL COUBOX       |          0 |          0           0 |    0.00|       0.00
W 10000 LAR JAYEM        BOX       |         -5 |         -5           0 |    0.00|       0.00
W 10000 LAR SELVIS       BOX       |         -4 |         -4           0 |    0.00|       0.00
W 10000 LAR U.V. BOX  ANBBOX       |         -1 |         -1           0 |    0.00|       0.00
---------------------------------------------------------------------------------------------------------
                                            RAM FATAKA CENTER                                            
                            ITEM WISE PURCHASE SUMMRY : 01/04/2026 31/03/2027                            
Group    : ALL
---------------------------------------------------------------------------------------------------------
ITEM NAME               PACKING    |    MRP | BATCH NO |  BAL.STOCK :   CASE   PCS |    RATE|      VALUE
---------------------------------------------------------------------------------------------------------
W 12 SHOT KINGSTAR'S     BOX       |        -52 |        -52           0 |    0.00|       0.00
W 12 SHOTS HEXA COL SELVIBOX       |          0 |          0           0 |    0.00|       0.00
W 12 SHOTS HEXA COL.AYYANBOX       |       -157 |       -157           0 |    0.00|       0.00
W 12 SHOTS HEXA SILVIR MIBOX       |         -5 |         -5           0 |    0.00|       0.00
W 12 SHOTS SQ ROLLING MORBOX       |       -106 |       -106           0 |    0.00|       0.00
W 12 SHOTS SQUARE COL COMBOX       |          0 |          0           0 |    0.00|       0.00
W 12 SHOTS SQUARE COL S .BOX       |       -226 |       -226           0 |    0.00|       0.00
W 120 SHOT M. COL CITY MABOX       |        -14 |        -14           0 |    0.00|       0.00
W 120 SHOT M. COM  GURU JBOX       |        -58 |        -58           0 |    0.00|       0.00
W 120 SHOT M.COL NEW AYYABOX       |         -7 |         -7           0 |    0.00|       0.00
W 120 SHOTS AYYANAR NEW  BOX       |         -2 |         -2           0 |    0.00|       0.00
W 120 SHOTS M. COL. U V BPKT       |         -9 |         -9           0 |    0.00|       0.00
W 120 SHOTS M. COL. VETRIBOX       |         -5 |         -5           0 |    0.00|       0.00
W 120 SHOTS M. COL. WINSTBOX       |         -3 |         -3           0 |    0.00|       0.00
W 120 SHOTS M.COL  ENJOY BOX       |          0 |          0           0 |    0.00|       0.00
W 120 SHOTS M.COL  GODWARBOX       |          0 |          0           0 |    0.00|       0.00
W 120 SHOTS M.COL  HALDI BOX       |          0 |          0           0 |    0.00|       0.00
W 120 SHOTS M.COL  MYSTERBOX       |          0 |          0           0 |    0.00|       0.00
W 120 SHOTS M.COL  STAR SBOX       |          0 |          0           0 |    0.00|       0.00
W 120 SHOTS M.COL  THE BEBOX       |          0 |          0           0 |    0.00|       0.00
W 120 SHOTS M.COL MERCURYBOX       |         -4 |         -4           0 |    0.00|       0.00
W 120 SHOTS M.COL U.V.BOXBOX       |        -21 |        -21           0 |    0.00|       0.00
W 120 SHOTS M.COL WEDDINGBOX       |          0 |          0           0 |    0.00|       0.00
W 120 SHOTS NEW PENCIL   BOX       |          0 |          0           0 |    0.00|       0.00
W 120 SHOTS RANG DE BASANPKT       |        149 |        149           0 |    0.00|       0.00
W 120 SHOTS TRANSFORMER IPKT       |        147 |        147           0 |    0.00|       0.00
W 15 SHOT M.COL DHUA R.R.BOX       |         -3 |         -3           0 |    0.00|       0.00
W 15 SHOTS M. COL APPU PABOX       |          0 |          0           0 |    0.00|       0.00
W 15 SHOTS M. COL FESTIWABOX       |       -124 |       -124           0 |    0.00|       0.00
W 15 SHOTS M. COL. DAY TRBOX       |        252 |        252           0 |    0.00|       0.00
W 15 SHOTS M. COL. U V BOPKT       |        285 |        285           0 |    0.00|       0.00
W 16 SHOTS M.COL M.COL FABOX       |          0 |          0           0 |    0.00|       0.00
W 16 SHOTS PAPER COL MAGIBOX       |          0 |          0           0 |    0.00|       0.00
W 160 SHOTS M.COL  ROAD SBOX       |          0 |          0           0 |    0.00|       0.00
W 18 SHOT ROMANCANDLE ( 2BOX       |        -41 |        -41           0 |    0.00|       0.00
W 2 1/2  F. PIPE MIX ( 1 BOX       |        -10 |        -10           0 |    0.00|       0.00
W 2 1/2 F P 3 STEP SURYAKBOX       |        -45 |        -45           0 |    0.00|       0.00
W 2 1/2 F PIPE  BALAJI ( BOX       |        -36 |        -36           0 |    0.00|       0.00
W 2 1/2 F PIPE  MIX BIG  BOX       |        -14 |        -14           0 |    0.00|       0.00
W 2 1/2 F PIPE FIVE  MIX  BOX      |       -135 |       -135           0 |    0.00|       0.00
W 2 1/2 F PIPE MEGAL ( 3 BOX       |          0 |          0           0 |    0.00|       0.00
W 2 1/2 F PIPE MIX UV BOXBOX       |        -36 |        -36           0 |    0.00|       0.00
W 2 1/2 F PIPE UV BOX SIVBOX       |        -55 |        -55           0 |    0.00|       0.00
W 2 1/2" F. PIPE 2 IN 1 (BOX       |        -16 |        -16           0 |    0.00|       0.00
W 2 1/2" F. PIPE(3 PCS)AYPKT       |         95 |         95           0 |    0.00|       0.00
W 2 30  SHOT  M. COM     BOX       |          0 |          0           0 |    0.00|       0.00
W 2 F PIPE MIX ( 1 P)    BOX       |          0 |          0           0 |    0.00|       0.00
W 2 KG. COL.CLOUD WITH FOCYLINDER  |         24 |         24           0 |    0.00|       0.00
W 2' 32 SHOT SHIKARI - SHBOX       |          0 |          0           0 |    0.00|       0.00
W 200 SHOTS M.COL  DAZE NBOX       |          0 |          0           0 |    0.00|       0.00
W 2000 LAR ( 1200 COUNTINBOX       |         -9 |         -9           0 |    0.00|       0.00
W 2000 LAR ( 1600 COUNTINBOX       |          0 |          0           0 |    0.00|       0.00
W 2000 LAR AYYANAR       PKT       |         64 |         64           0 |    0.00|       0.00
W 2000 LAR CLASSIC MUGUNTBOX       |        -89 |        -89           0 |    0.00|       0.00
W 2000 LAR EVEREST       BOX       |          0 |          0           0 |    0.00|       0.00
---------------------------------------------------------------------------------------------------------
                                            RAM FATAKA CENTER                                            
                            ITEM WISE PURCHASE SUMMRY : 01/04/2026 31/03/2027                            
Group    : ALL
---------------------------------------------------------------------------------------------------------
ITEM NAME               PACKING    |    MRP | BATCH NO |  BAL.STOCK :   CASE   PCS |    RATE|      VALUE
---------------------------------------------------------------------------------------------------------
W 2000 LAR HALF ANBARSI  PKT       |         79 |         79           0 |    0.00|       0.00
W 2000 LAR JAYEM         BOX       |       -102 |       -102           0 |    0.00|       0.00
W 2000 LAR KALUGU        BOX       |          0 |          0           0 |    0.00|       0.00
W 2000 LAR NEW JAYEM     BOX       |       -152 |       -152           0 |    0.00|       0.00
W 2000 LAR TAJ/SELVIS    BOX       |        -10 |        -10           0 |    0.00|       0.00
W 2000 LAR U.V. BOX  ANBABOX       |         -5 |         -5           0 |    0.00|       0.00
W 2000 LAR UV BOX FULL COBOX       |        -24 |        -24           0 |    0.00|       0.00
W 21 SHOTS PAPER CENTURY BOX       |          0 |          0           0 |    0.00|       0.00
W 240 SHOT M. COM  GURU JBOX       |          0 |          0           0 |    0.00|       0.00
W 240 SHOTS M.COL        BOX       |          0 |          0           0 |    0.00|       0.00
W 240 SHOTS M.COL ARABIANBOX       |          0 |          0           0 |    0.00|       0.00
W 240 SHOTS M.COL AYYANARBOX       |          0 |          0           0 |    0.00|       0.00
W 240 SHOTS M.COL CHOLA  BOX       |          0 |          0           0 |    0.00|       0.00
W 240 SHOTS M.COL CLASSICBOX       |          0 |          0           0 |    0.00|       0.00
W 240 SHOTS M.COL HOODIBABOX       |         -1 |         -1           0 |    0.00|       0.00
W 240 SHOTS M.COL OTHER  BOX       |          0 |          0           0 |    0.00|       0.00
W 240 SHOTS M.COL PENCIL BOX       |         -1 |         -1           0 |    0.00|       0.00
W 240 SHOTS M.COL RAINBOWBOX       |         -1 |         -1           0 |    0.00|       0.00
W 25 SHOTS LONG ANTHEM  ABOX       |          0 |          0           0 |    0.00|       0.00
W 25 SHOTS LONG CRACKLINGBOX       |          0 |          0           0 |    0.00|       0.00
W 25 SHOTS LONG LION KINGBOX       |          0 |          0           0 |    0.00|       0.00
W 25 SHOTS LONG TROY SONYBOX       |          0 |          0           0 |    0.00|       0.00
W 25 SHOTS M COL WINSTAR BOX       |        -25 |        -25           0 |    0.00|       0.00
W 25 SHOTS M. COL. U V BOPKT       |         75 |         75           0 |    0.00|       0.00
W 25 SHOTS S.T.D         BOX       |          0 |          0           0 |    0.00|       0.00
W 25 SHOTS SQUARE APPLE  BOX       |        -13 |        -13           0 |    0.00|       0.00
W 25 SHOTS SQUARE CRACKLIBOX       |          0 |          0           0 |    0.00|       0.00
W 25 SHOTS SQUARE CRACKLIBOX       |          0 |          0           0 |    0.00|       0.00
W 25 SHOTS SUPER MIX S.T.BOX       |          0 |          0           0 |    0.00|       0.00
W 250 SHOTS M.COL PARADISBOX       |          0 |          0           0 |    0.00|       0.00
W 252 SHOTS M.COL BADIYA BOX       |         -1 |         -1           0 |    0.00|       0.00
W 288 SHOT NEW           BOX       |        -16 |        -16           0 |    0.00|       0.00
W 3 1/2 F P  J J ( 1 P)  BOX       |        -42 |        -42           0 |    0.00|       0.00
W 3 1/2 F P (1P) JAWA    BOX       |        -70 |        -70           0 |    0.00|       0.00
W 3 1/2 F P 3 COL MIXED (          |        -43 |        -43           0 |    0.00|       0.00
W 3 1/2 F P BIG SIZECOL MBOX       |          0 |          0           0 |    0.00|       0.00
W 3 1/2 F P DOUBLE BALL (BOX       |         -6 |         -6           0 |    0.00|       0.00
W 3 1/2 F P DOUBLE BALL (BOX       |          0 |          0           0 |    0.00|       0.00
W 3 1/2 F P DOUBLE BALL CBOX       |        -40 |        -40           0 |    0.00|       0.00
W 3 1/2 F P FIVE COL MIX BOX       |          0 |          0           0 |    0.00|       0.00
W 3 1/2 F P FIVE COL MIX BOX       |          0 |          0           0 |    0.00|       0.00
W 3 1/2 F P FIVE COL MIX BOX       |          0 |          0           0 |    0.00|       0.00
W 3 1/2 F P FIVE COL MIX BOX       |          0 |          0           0 |    0.00|       0.00
W 3 1/2 F P FIVE COL MIX BOX       |         -9 |         -9           0 |    0.00|       0.00
W 3 1/2 F P ITS FLYING (1BOX       |          0 |          0           0 |    0.00|       0.00
W 3 1/2 F P STEPS (1 P) IBOX       |        -23 |        -23           0 |    0.00|       0.00
W 3 1/2 F P YELLOW ANGEL BOX       |          0 |          0           0 |    0.00|       0.00
W 3 F P (1P) AYYANAR     BOX       |        -10 |        -10           0 |    0.00|       0.00
W 3 F PIPE BIG SIZZ MIXD BOX       |         -1 |         -1           0 |    0.00|       0.00
W 3 F PIPE LIGHT AND HOT BOX       |          0 |          0           0 |    0.00|       0.00
W 3 X 12 VANDE MATARAM 3 BOX       |          0 |          0           0 |    0.00|       0.00
W 3" 30 SHOTS M.COL BIG SBOX       |          0 |          0           0 |    0.00|       0.00
W 30 SHOT M. COL CITY MALBOX       |       -251 |       -251           0 |    0.00|       0.00
W 30 SHOT M. COL. PRINCE BOX       |        -62 |        -62           0 |    0.00|       0.00
W 30 SHOT M. COM  GURU JOBOX       |       -142 |       -142           0 |    0.00|       0.00
---------------------------------------------------------------------------------------------------------
                                            RAM FATAKA CENTER                                            
                            ITEM WISE PURCHASE SUMMRY : 01/04/2026 31/03/2027                            
Group    : ALL
---------------------------------------------------------------------------------------------------------
ITEM NAME               PACKING    |    MRP | BATCH NO |  BAL.STOCK :   CASE   PCS |    RATE|      VALUE
---------------------------------------------------------------------------------------------------------
W 30 SHOT M. COM J.J.F.W.BOX       |       -120 |       -120           0 |    0.00|       0.00
W 30 SHOT M.COL PENCIL   BOX       |        -55 |        -55           0 |    0.00|       0.00
W 30 SHOTS AYYANAR NEW   BOX       |       -109 |       -109           0 |    0.00|       0.00
W 30 SHOTS M COL AYYANAR BOX       |        -23 |        -23           0 |    0.00|       0.00
W 30 SHOTS M. COL. CHOLA BOX       |         -3 |         -3           0 |    0.00|       0.00
W 30 SHOTS M. COL. GEMS  BOX       |        -33 |        -33           0 |    0.00|       0.00
W 30 SHOTS M. COL. S.K.Y.BOX       |          0 |          0           0 |    0.00|       0.00
W 30 SHOTS M. COL. SHIVAKBOX       |         -4 |         -4           0 |    0.00|       0.00
W 30 SHOTS M. COL. SQ.  1BOX       |          0 |          0           0 |    0.00|       0.00
W 30 SHOTS M. COL. U V BOPKT       |         10 |         10           0 |    0.00|       0.00
W 30 SHOTS M. COL. U V BOPKT       |         16 |         16           0 |    0.00|       0.00
W 30 SHOTS M. COL. VETRI BOX       |        -87 |        -87           0 |    0.00|       0.00
W 30 SHOTS M. COL. WHITE BOX       |          1 |          1           0 |    0.00|       0.00
W 30 SHOTS M. COL. WINSTABOX       |          0 |          0           0 |    0.00|       0.00
W 30 SHOTS M. COL.ELITE  BOX       |       -160 |       -160           0 |    0.00|       0.00
W 30 SHOTS M. COL.RAJ    PKT       |         49 |         49           0 |    0.00|       0.00
W 30 SHOTS PEACOCK DANCE BOX       |         -2 |         -2           0 |    0.00|       0.00
W 4 F P 2 COL MIXED D.B. BOX       |          0 |          0           0 |    0.00|       0.00
W 4 F P 3 COL MIXED ( 2 PBOX       |         -2 |         -2           0 |    0.00|       0.00
W 4 F P 3 COL MIXED ( 2 PBOX       |         -1 |         -1           0 |    0.00|       0.00
W 4 F P 3 COL MIXED ) 1 PBOX       |          0 |          0           0 |    0.00|       0.00
W 4 F P DLX 15 COL MIXED BOX       |         -1 |         -1           0 |    0.00|       0.00
W 4 F P DLX MIX MATRIX  (BOX       |          0 |          0           0 |    0.00|       0.00
W 4 F PIPE TIN PIPI(1P) 6BOX       |        -12 |        -12           0 |    0.00|       0.00
W 4 F. PIPE (1 P) 12 STEPBOX       |        -10 |        -10           0 |    0.00|       0.00
W 4 F. PIPE (2 PCS)  I. NBOX       |         -3 |         -3           0 |    0.00|       0.00
W 4 KG. COL.CLOUD WITH FOCYLINDER  |          1 |          1           0 |    0.00|       0.00
W 4 SHOTS PAPER FANTASIA BOX       |          0 |          0           0 |    0.00|       0.00
W 40 CM MIX PARTY POPPER BOX       |       -700 |       -700           0 |    0.00|       0.00
W 5 F P JOKER ( 1 P)ANIL BOX       |          0 |          0           0 |    0.00|       0.00
W 50 SHOTS               BOX       |          0 |          0           0 |    0.00|       0.00
W 50 SHOTS BEUTY S.T.D   BOX       |          0 |          0           0 |    0.00|       0.00
W 50 SHOTS LONG AVATAR SOBOX       |          0 |          0           0 |    0.00|       0.00
W 50 SHOTS LONG CRACK SAJBOX       |         -3 |         -3           0 |    0.00|       0.00
W 50 SHOTS LONG GIADIATORBOX       |          0 |          0           0 |    0.00|       0.00
W 50 SHOTS LONG KING CROWBOX       |         -3 |         -3           0 |    0.00|       0.00
W 50 SHOTS M. COL. BIG  IBOX       |         -5 |         -5           0 |    0.00|       0.00
W 50 SHOTS M. COL. SQ.  2BOX       |          0 |          0           0 |    0.00|       0.00
W 50 SHOTS M. COL. SQ.  3BOX       |          0 |          0           0 |    0.00|       0.00
W 500 SHOTS M.COL  N.S.V BOX       |          0 |          0           0 |    0.00|       0.00
W 500 SHOTS M.COL SUBHA MBOX       |          0 |          0           0 |    0.00|       0.00
W 500 SHOTS M.COL UNIVERSBOX       |         -1 |         -1           0 |    0.00|       0.00
W 5000 LAR  600 COUNTING BOX       |          0 |          0           0 |    0.00|       0.00
W 5000 LAR  800 COUNTING BOX       |          0 |          0           0 |    0.00|       0.00
W 5000 LAR (600) COUNTINGBOX       |        -25 |        -25           0 |    0.00|       0.00
W 5000 LAR AYYANAR       PKT       |         20 |         20           0 |    0.00|       0.00
W 5000 LAR CLASSIC MUGUNTBOX       |        -24 |        -24           0 |    0.00|       0.00
W 5000 LAR EVEREST       BOX       |          0 |          0           0 |    0.00|       0.00
W 5000 LAR FUSE  FULL COUBOX       |         -1 |         -1           0 |    0.00|       0.00
W 5000 LAR HALF ANBARSI  PKT       |        -55 |        -55           0 |    0.00|       0.00
W 5000 LAR JAYEM         BOX       |        -31 |        -31           0 |    0.00|       0.00
W 5000 LAR KALUGU        BOX       |          0 |          0           0 |    0.00|       0.00
W 5000 LAR NEW JAYAM     BOX       |        -49 |        -49           0 |    0.00|       0.00
W 5000 LAR U.V. BOX  ANBABOX       |        -13 |        -13           0 |    0.00|       0.00
W 5000 LAR UV BOX FULL COBOX       |         -4 |         -4           0 |    0.00|       0.00
---------------------------------------------------------------------------------------------------------
                                            RAM FATAKA CENTER                                            
                            ITEM WISE PURCHASE SUMMRY : 01/04/2026 31/03/2027                            
Group    : ALL
---------------------------------------------------------------------------------------------------------
ITEM NAME               PACKING    |    MRP | BATCH NO |  BAL.STOCK :   CASE   PCS |    RATE|      VALUE
---------------------------------------------------------------------------------------------------------
W 510 SHOTS M.COL GONE "NBOX       |          0 |          0           0 |    0.00|       0.00
W 6 KG. COL.CLOUD WITH FOCYLINDER  |          0 |          0           0 |    0.00|       0.00
W 60 SHOT M. COL CITY MALBOX       |        -34 |        -34           0 |    0.00|       0.00
W 60 SHOT M. COM  GURU JOBOX       |       -102 |       -102           0 |    0.00|       0.00
W 60 SHOTS AYYANAR NEW   BOX       |        -37 |        -37           0 |    0.00|       0.00
W 60 SHOTS M COL AYYANAR BOX       |         -2 |         -2           0 |    0.00|       0.00
W 60 SHOTS M COL TRENDS  BOX       |         -4 |         -4           0 |    0.00|       0.00
W 60 SHOTS M. COL 30-30 ABOX       |         -1 |         -1           0 |    0.00|       0.00
W 60 SHOTS M. COL. CROSS BOX       |        108 |        108           0 |    0.00|       0.00
W 60 SHOTS M. COL. GEMS  BOX       |        -20 |        -20           0 |    0.00|       0.00
W 60 SHOTS M. COL. MERCURBOX       |         -1 |         -1           0 |    0.00|       0.00
W 60 SHOTS M. COL. PENCILBOX       |         -4 |         -4           0 |    0.00|       0.00
W 60 SHOTS M. COL. U V BOPKT       |        -45 |        -45           0 |    0.00|       0.00
W 60 SHOTS M. COL. U V BOPKT       |         24 |         24           0 |    0.00|       0.00
W 60 SHOTS M. COL. VETRI BOX       |        -10 |        -10           0 |    0.00|       0.00
W 60 SHOTS M. COL.ELITE  BOX       |          0 |          0           0 |    0.00|       0.00
W 60 SHOTS M.COL. CHOLA  BOX       |        -53 |        -53           0 |    0.00|       0.00
W 60 SHOTS M.COL. SHIVAKABOX       |          0 |          0           0 |    0.00|       0.00
W 7 SHOT ( 10 P ) MERCURYBOX       |          0 |          0           0 |    0.00|       0.00
W 8 SHOTS PAPER BONANZA ABOX       |         -2 |         -2           0 |    0.00|       0.00
W 8 SHOTS PAPER KBC KIARABOX       |          0 |          0           0 |    0.00|       0.00
W 80 SHOTS 3 COL SEUS MIXBOX       |          0 |          0           0 |    0.00|       0.00
W 80 SHOTS M.COL POP SHOWBOX       |          0 |          0           0 |    0.00|       0.00
W CHAMKI  PAPER          1 KG      |        -10 |        -10           0 |    0.00|       0.00
W COL SMOKE DHUA  COL (5 BOX       |       -202 |       -202           0 |    0.00|       0.00
W COL SMOKE DHUA  ORANGE BOX       |       -140 |       -140           0 |    0.00|       0.00
W COL SMOKE DHUA SPL. ORABOX       |          0 |          0           0 |    0.00|       0.00
W COLD PYRO BOX 3.M.35.S BOX       |        -66 |        -66           0 |    0.00|       0.00
W COLD PYRO R&G BOX 3.M.3BOX       |       -150 |       -150           0 |    0.00|       0.00
W COLD PYRO YELLO BOX 3.MBOX       |       -100 |       -100           0 |    0.00|       0.00
W GOLDEN TOP TIGER 6 NO FBOX       |          0 |          0           0 |    0.00|       0.00
W JHANSI BOMB GREEN MALATBOX       |          0 |          0           0 |    0.00|       0.00
W LADEN BOMB  6 NO B. R  BOX       |        -80 |        -80           0 |    0.00|       0.00
W LADEN BOMB  NEW 6 NO B.BOX       |         -5 |         -5           0 |    0.00|       0.00
W MULTICOLOR PAPER       1 KG      |        -20 |        -20           0 |    0.00|       0.00
W SADDAM BOMB NEW        BOX       |       -301 |       -301           0 |    0.00|       0.00
W SADDAM W/F MIX LABLE   PKT       |      -1520 |      -1520           0 |    0.00|       0.00
W SADDAM W/F SANTOSH     PKT       |      -1175 |      -1175           0 |    0.00|       0.00
W SHER SHIKAR 6 NO  B.R. BOX       |         -5 |         -5           0 |    0.00|       0.00
W SKYDER 9 SHOT M. COL SUBOX       |          0 |          0           0 |    0.00|       0.00
W SNOW SPRAY WHITE TAIWANBOX       |       -912 |       -912           0 |    0.00|       0.00
W SPARKULAR GUN PENCIL-(CBOX       |         -6 |         -6           0 |    0.00|       0.00
W SPARKULAR GUN SADI-(CELBOX       |         -6 |         -6           0 |    0.00|       0.00
W SPARKULAR MACHINE POWDEPKT       |        -10 |        -10           0 |    0.00|       0.00
W THROWING COLRIBBON THROBOX       |          0 |          0           0 |    0.00|       0.00
W TOP TIGER 6 NO         PKT       |        -10 |        -10           0 |    0.00|       0.00
W TOP- TEN ( 10 P ) COCK BOX       |          0 |          0           0 |    0.00|       0.00
W VOLCANO( 10X 30 SHOT) SBOX       |          0 |          0           0 |    0.00|       0.00
W YELLO, BLUE, PINK[ GREEBOX       |          0 |          0           0 |    0.00|       0.00
---------------------------------------------------------------------------------------------------------
TOTAL ->                                                     1165737 ******      0                  0.00
---------------------------------------------------------------------------------------------------------
